pr_id,matched_doi,entity_name,paper_title,paper_date,pub_date,scope_entity_guess,match_method,confidence_tier,fuzzy_score,start_year,end_year,PR ID,Headline,Sub-Headline,Summary,Full Text,Type,Category,Publication Date,Organization,Organization Types,Org Country,Primary Keyword,Secondary Keywords,Translations,Multimedia - Images,Multimedia - Video,Multimedia - Audio,Conference,Journal (Matched),Journal (Typed),DOI,Subject of Research,Method of Research,Article Title,Public Link to Article,cleaned_doi,doi_norm,pub_date_1
1072264,10.1038/s41467-025-56488-4,University of Tokyo,Bimetallic synergy in supported Ni–Pd catalyst for selective hydrogenolysis of C–O bonds in epoxy re,2025-02-06,2025-02-06,University of Tokyo,fuzzy_title,D,96.07843137254902,2025,2025,1072264,Recycling the unrecyclable,Researchers find a way to reclaim materials from epoxy resins and composites,"Epoxy resins are coatings and adhesives used in a broad range of familiar applications, such as construction, engineering and manufacturing. However, they often present a challenge to recycle or dispose of responsibly. For the first time, a team of researchers, including those from the University of Tokyo, developed a method to efficiently reclaim materials from a range of epoxy products for reuse by using a novel solid catalyst.","<p style=""text-align:justify"">Epoxy resins are coatings and adhesives used in a broad range of familiar applications, such as construction, engineering and manufacturing. However, they often present a challenge to recycle or dispose of responsibly. For the first time, a team of researchers, including those from the University of Tokyo, developed a method to efficiently reclaim materials from a range of epoxy products for reuse by using a novel solid catalyst.</p>

<p style=""text-align:justify"">There&rsquo;s a high chance you are surrounded by epoxy compounds as you read this. They are used in electronic devices due to their insulating properties; clothing such as shoes due to their binding properties and physical robustness; building construction for the same reason; and even in aircraft bodies and wind turbine blades for their ability to contain strong materials such as carbon fibers or glass fibers. It&rsquo;s hard to overstate the importance of epoxy products in the modern world. But for all their uses, they inevitably have a downside: Epoxy compounds are essentially plastics and prove difficult to deal with after their use or at the end of the life of an epoxy-containing product.</p>

<p style=""text-align:justify"">&ldquo;For example, to decompose fiber-reinforced plastics, perhaps used in aircraft parts, you&rsquo;d need high temperatures over 500 degrees Celsius, or strong acid or base conditions. These things have an energy cost, and the harsh conditions can damage the fibers and things you might be trying to recover,&rdquo; said Associate Professor Xiongjie Jin at the University of Tokyo. &ldquo;To deal with this problem, a relatively new process called catalytic hydrogenolysis shows promise, but existing catalysts for this are not reusable as they dissolve in the solvent in which the epoxy decomposition takes place. So, we created a new solid catalyst which is easily recoverable and reusable.&rdquo;</p>

<p style=""text-align:justify"">Jin and Professor Kyoko Nozaki, both from the Department of Chemistry and Biotechnology, and their team developed an efficient and robust catalyst to decompose epoxy compounds into carbon fibers, glass fibers and phenolic compounds, which are important raw materials in the chemical industry. The catalyst is referred to as bimetallic as it uses two metals, nickel and palladium, which are supported on cerium oxide and work together to mediate reactions between epoxy resins and hydrogen gas. Though the reaction temperature needs to be at around 180 degrees Celsius, the energy requirements are far lower than those needed to create 500-degree conditions, and the lower temperatures mean recovered materials can be reused.</p>

<p style=""text-align:justify"">&ldquo;We were pleased to see experimental results that closely matched our expectations about how this process would work, but we were nicely surprised when we realized the catalyst could be reused at least five times without any reduction in its performance,&rdquo; said Jin. &ldquo;As our catalyst is effective at cleaving carbon-oxygen bonds, with modification, it might even work with other plastics as well, as they contain those bonds too.&rdquo;</p>

<p style=""text-align:justify"">The team is now keen to explore ways to improve its methods and materials, though, as it may still take some development to make it a more commercially viable option.</p>

<p>&ldquo;Although our catalyst does not require such high temperatures, there is still room for improvement in the environmental impact of the solvent we are currently using,&rdquo; said Nozaki. &ldquo;We would also like to bring the cost down by finding a catalyst that does not contain a precious metal such as palladium. It might also be possible to increase the range of materials which could be recovered from various epoxy compounds, reducing the environmental overheads of these incredibly versatile and useful plastics.&rdquo;</p>

<p style=""text-align:center"">###</p>

<p style=""text-align:justify"">Journal article: Yanze Huang, Yukari Yamazaki, Katsutoshi Nomoto, Hiroki Miura, Tetsuya Shishido, Xiongjie Jin, Kyoko Nozaki, &ldquo;Bimetallic synergy in supported Ni&minus;Pd catalyst for selective hydrogenolysis of C&minus;O bonds in epoxy resins&rdquo;, <em>Nature Communications</em>, <strong>DOI:</strong>10.1038/s41467-025-56488-4.</p>

<p>Funding and acknowledgments:</p>

<p style=""text-align:justify"">This study was supported by JST ERATO&nbsp;No. JPMJER2103, JSPS KAKENHI JP24K01253, JP23H04905.</p>

<p>Useful links:<br />
Department of Chemistry and Biotechnology - <a href=""https://www.chembio.t.u-tokyo.ac.jp/e/"">https://www.chembio.t.u-tokyo.ac.jp/e/</a><br />
Graduate School of Engineering <a href=""https://www.t.u-tokyo.ac.jp/en/soe"">https://www.t.u-tokyo.ac.jp/en/soe</a> &nbsp;</p>

<p>Research contacts:<br />
Associate Professor Xiongjie Jin<br />
Department of Chemistry and Biotechnology, The University of Tokyo,<br />
7-3-1 Hongo, Bunkyo-ku, Tokyo, 113-8656, Japan<br />
<a href=""mailto:t-jin@g.ecc.u-tokyo.ac.jp"">t-jin@g.ecc.u-tokyo.ac.jp</a><br />
<br />
Professor Kyoko Nozaki<br />
Department of Chemistry and Biotechnology, The University of Tokyo,<br />
7-3-1 Hongo, Bunkyo-ku, Tokyo, 113-8656, Japan<br />
<u>nozaki@chembio.t.u-tokyo.ac.jp</u></p>

<p>Press contact:<br />
Mr. Rohan Mehra<br />
Public Relations Group, The University of Tokyo,<br />
7-3-1 Hongo, Bunkyo-ku, Tokyo, 113-8654, Japan<br />
<a href=""mailto:press-releases.adm@gs.mail.u-tokyo.ac.jp"">press-releases.adm@gs.mail.u-tokyo.ac.jp</a></p>

<p>About The University of Tokyo:<br />
The University of Tokyo is Japan&#39;s leading university and one of the world&#39;s top research universities. The vast research output of some 6,000 researchers is published in the world&#39;s top journals across the arts and sciences. Our vibrant student body of around 15,000 undergraduate and 15,000 graduate students includes over 4,000 international students. Find out more at www.u-tokyo.ac.jp/en/ or follow us on X (formerly Twitter) at @UTokyo_News_en.</p>
",News Release,Peer-Reviewed Publication,2025-02-06 10:00:00,University of Tokyo,Non-Profit,Japan,/Physical sciences/Materials science/Materials/Adhesives/Epoxies,"/Physical sciences/Chemistry/Chemical processes/Chemical reactions/Organic reactions/Catalysis, /Physical sciences/Chemistry/Chemical compounds/Carbon compounds, /Physical sciences/Materials science/Materials/Fibers, /Physical sciences/Chemistry/Chemical compounds/Polymers/Synthetic polymers/Plastics, /Applied sciences and engineering/Engineering/Bioengineering/Biotechnology",,2,0,0,,Nature Communications,,10.1038/s41467-025-56488-4.,Not applicable,Experimental study,Bimetallic synergy in supported Ni−Pd catalyst for selective hydrogenolysis of C−O bonds in epoxy resins,,10.1038/s41467-025-56488-4.,10.1038/s41467-025-56488-4.,2025-02-06
1073744,10.1021/acs.analchem.4c03894,"Hefei Institutes of Physical Science, Chinese Academy of Sciences",Developing Multiple Media Approach to Investigate Reproducible Characteristic VOCs of Lung Cancer Ce,2024-12-18,2025-02-14,"Hefei Institutes of Physical Science, Chinese Academy of Sciences",fuzzy_title,D,98.52216748768473,2025,2025,1073744,New approach identifies reproducible VOCs for lung cancer diagnosis,,"A research team led by Prof. CHU Yannan from the Hefei Institutes of Physical Science of the Chinese Academy of Sciences, has developed a multi-medium approach (MMA) to identify reproducible volatile organic compounds (VOCs) in lung cancer cells.&nbsp;","<p>A research team led by Prof. CHU Yannan from the Hefei Institutes of Physical Science of the Chinese Academy of Sciences, has developed a multi-medium approach (MMA) to identify reproducible volatile organic compounds (VOCs) in lung cancer cells.&nbsp;</p>

<p>The study, published in&nbsp;<em>Analytical Chemistry</em>, offers new insights into non-invasive lung cancer diagnosis through VOCs.</p>

<p>VOCs in human body odor have been a key focus in health research, particularly for non-invasive lung cancer screening. Despite decades of studies on exhaled VOCs, no consensus on reliable biomarkers has been reached, with inconsistent results even in in vitro cancer cell culture analyses.</p>

<p>To address this, the team proposed using a combination of three different culture media&mdash;RPMI 1640, DMEM, and Ham&#39;s F12&mdash;along with chromatography-mass spectrometry (GC-MS) for untargeted VOC analysis.&nbsp;</p>

<p>&quot;The newly proposed MMA allowed the team to find a few key VOCs that could reliably separate lung cancer cells (A549) from normal lung cells (BEAS-2B),&quot; said Dr. GE Dianlong, a member of the team.&nbsp;</p>

<p>While dozens of differential VOCs were identified using traditional single-medium approaches (SMA), only two VOCs (methyl butanol isomers) showed reproducibility under the MMA, with lower levels in the cancerous A549 cells. Further validation through targeted detection of subcutaneous and primary tumor tissues in animal models confirmed these findings.</p>

<p>&quot;This new approach is like creating a universal &quot;fingerprint&quot; for cancer cells, offering hope for more accurate and non-invasive lung cancer detection in the future,&quot; added Dr. GE, &quot;These findings could also help advance tumor gas biopsies and even improve diagnostic methods in Traditional Chinese Medicine (TCM).&quot;</p>
",News Release,Peer-Reviewed Publication,2025-02-14 08:32:32,"Hefei Institutes of Physical Science, Chinese Academy of Sciences ",Non-Profit,China,/Life sciences,,,1,0,0,,Analytical Chemistry,,,,,Developing Multiple Media Approach to Investigate Reproducible Characteristic VOCs of Lung Cancer Cells,,,,2025-02-14
1075322,10.1016/j.cell.2025.02.002,Chinese Academy of Sciences Headquarters,Bacterial immunotherapy leveraging IL-10R hysteresis for both phagocytosis evasion and tumor immunit,2025-03-03,2025-03-03,Chinese Academy of Sciences Headquarters,fuzzy_title,D,92.5925925925926,2025,2025,1075322,Researchers reveal key mechanism behind bacterial cancer therapy,,A research team led by Prof. LIU Chenli from the Shenzhen Institutes of Advanced Technology and Prof. XIAO Yichuan from the Shanghai Institute of Nutrition and Health elucidated the mechanism behind bacterial cancer therapy using a genetically engineered bacterial strain.,"<p style=""text-align:left"">A research team led by Prof. LIU Chenli from the Shenzhen Institutes of Advanced Technology of the Chinese Academy of Sciences (CAS) and Prof. XIAO Yichuan from the Shanghai Institute of Nutrition and Health of CAS elucidated the mechanism behind bacterial cancer therapy using a genetically engineered bacterial strain. Their findings were published in&nbsp;<em>Cell</em>&nbsp;on March 3.</p>

<p style=""text-align:left"">Exploring the use of antitumor bacteria in cancer therapy dates back to the 1860s. Despite this long history, however, clinical application of&nbsp;bacterial-based cancer therapy has faced significant challenges in terms of safety and efficacy.&nbsp;</p>

<p style=""text-align:left"">Recent advancements in synthetic biology have enabled the development of novel antitumor bacteria, creating new avenues for immuno-oncology research. However, such bacteria&#39;s practical application has been hindered by the unclear mechanisms by which they evade host immune defenses while activating antitumor responses.</p>

<p style=""text-align:left"">In this study, researchers engineered an attenuated strain, Designer Bacteria 1 (DB1), which efficiently survives and proliferates in tumor tissues while being cleared in normal tissues, achieving a remarkable &quot;tumor-targeting&quot; effect as well as &quot;tumor-clearing&quot; effect.</p>

<p style=""text-align:left"">To understand how DB1 simultaneously achieves these effects, researchers investigated the interactions between the bacteria and tumors. They discovered that DB1&#39;s antitumor efficacy is closely linked to tissue-resident memory (TRM) CD8<sup>+</sup>&nbsp;T cells within the tumor, which are reinvigorated and expanded following DB1 therapy. Interleukin-10 (IL-10) plays a crucial role in mediating this effect, with efficacy depending on the high expression of interleukin-10 receptor (IL-10R) on CD8<sup>+</sup>&nbsp;TRM cells.</p>

<p style=""text-align:left"">To investigate the molecular mechanisms underlying the high expression of IL-10R on CD8<sup>+</sup>&nbsp;TRM cells, researchers conducted a series of computational and quantitative experiments. They found that IL-10 binds to IL-10R on CD8<sup>+</sup>&nbsp;TRM cells, activating the STAT3 protein and further promoting IL-10R expression. This established a positive feedback loop, enabling cells to bind more IL-10 and creating a nonlinear hysteretic effect, whereby CD8<sup>+</sup>&nbsp;TRM cells &quot;memorize&quot; previous IL-10 stimulation during tumorigenesis. The high expression of IL-10R on CD8<sup>+</sup>&nbsp;TRM cells was exploited by a bacteria-induced IL-10 surge, which activated and expanded CD8<sup>+</sup>&nbsp;TRM cells to clear tumor cells.</p>

<p style=""text-align:left"">To examine the source of IL-10 within the tumor microenvironment (TME) after bacterial therapy, researchers found that tumor-associated macrophages (TAMs) upregulate IL-10 expression following DB1 stimulation via the Toll-like Receptor 4 (TLR4) signaling pathway. Interestingly, IL-10 reduced the migration speed of tumor-associated neutrophils (TANs), aiding DB1 in evading rapid clearance. These processes depended on high IL-10R expression in tumor-associated immune cells, highlighting the critical role of IL-10R hysteresis.</p>

<p style=""text-align:left"">&quot;Our findings illuminate a crucial, yet previously unresolved mechanism in bacterial cancer therapy. The elucidated IL-10R hysteresis mechanism not only provides valuable insights but also serves as a guiding principle for the design of engineered bacteria, enhancing safety and efficacy,&quot; said Prof. LIU.</p>
",News Release,Peer-Reviewed Publication,2025-03-03 16:00:00,Chinese Academy of Sciences Headquarters,Non-Profit,China,/Health and medicine/Clinical medicine/Medical treatments/Cancer treatments,,,0,0,0,,Cell,,,,,Bacterial immunotherapy leveraging IL-10R hysteresis for both phagocytosis evasion and tumor immunity revitalization,,,,2025-03-03
1096420,10.1021/acs.analchem.5c00346,"Hefei Institutes of Physical Science, Chinese Academy of Sciences",Rare Earth Ion-Induced Functionalized Fluorescent MOF Hydrogel Patches for Monitoring Lysozyme in Te,2025-06-26,2025-08-29,"Hefei Institutes of Physical Science, Chinese Academy of Sciences",fuzzy_title,D,98.52216748768473,2025,2025,1096420,Smart eye patch uses fluorescence to monitor eye health,,"Recently, Prof. JIANG Changlong&rsquo;s research team from the Institute of Solid State Physics, the Hefei Institutes of Physical Science of the Chinese Academy of Sciences, used multi-emission metal organic framework hydrogel (Eu-Dy MOF gel) to construct a non-invasive wearable eye patch fluorescence sensor, combined with the color recognition function of a smartphone to analyze and monitor lysozyme in tears.&nbsp;","<p>Recently, Prof. JIANG Changlong&rsquo;s research team from the Institute of Solid State Physics, the Hefei Institutes of Physical Science of the Chinese Academy of Sciences, used multi-emission metal organic framework hydrogel (Eu-Dy MOF gel) to construct a non-invasive wearable eye patch fluorescence sensor, combined with the color recognition function of a smartphone to analyze and monitor lysozyme in tears.&nbsp;</p>

<p>The research results were published in&nbsp;<em>Analytical Chemistry</em>.</p>

<p>Lysozyme, often called &quot;the body&#39;s own antibiotic,&quot; plays a crucial role in protecting the eyes from infection. As an important biomarker for various eye diseases, monitoring its levels in tears can offer valuable insights into eye health. However, traditional methods for detecting lysozyme are often invasive or require complex equipment.</p>

<p>In this study, the research team proposed a non-invasive fluorescent visualization detection method, expanding the application range of eye patch fluorescent sensors: First, the functionalized Eu-Dy MOF gel probes integrated into the eye patch sensors are used as sensing units. Tear fluids secreted by the eyes are collected via the eye patches applied to the skin beneath the eyes. The color signal generated by the sensing area on the eye patch under ultraviolet light are then captured using the camera function of a smartphone, and analyzed using color recognition software on the device.&nbsp;</p>

<p>The researchers point to the &quot;antenna effect&quot; as the reason for using MOF materials. In this mechanism, organic ligands in the MOF absorb light energy and transfer it to lanthanide ions like Eu&sup3;⁺ and Dy&sup3;⁺, which then emit visible fluorescence. This efficient energy transfer makes MOF gels ideal for sensitive optical sensing.</p>

<p>In the presence of lysozyme, the Eu-Dy MOF gel forms complexes with the protein, leading to a quenching of blue fluorescence through static quenching and local electron transfer. The system demonstrated a detection limit as low as 1.5 nanomolar, making it highly sensitive for real-time monitoring.</p>

<p>&nbsp;&quot;Our finding holds great potential for non-invasive detection of lysozyme in tears, promoting the widespread application of functionalized MOF fluorescent sensors in personal health monitoring, disease early warning, diagnosis and treatment fields,&quot; said Prof. Changlong Jiang.&nbsp;</p>
",News Release,Peer-Reviewed Publication,2025-08-29 08:21:48,"Hefei Institutes of Physical Science, Chinese Academy of Sciences ",Non-Profit,China,/Physical sciences,,,2,0,0,,Analytical Chemistry,,,,,Rare Earth Ion-Induced Functionalized Fluorescent MOF Hydrogel Patches for Monitoring Lysozyme in Tears,,,,2025-08-29
1105356,10.21203/rs.3.rs-6166324/v1,"Shenzhen Institute of Advanced Technology, Chinese Academy of Sciences",Decoding frequency-modulated signals increases information entropy in bacterial second messenger net,2025-03-20,2025-11-10,"Shenzhen Institute of Advanced Technology, Chinese Academy of Sciences",fuzzy_title,D,97.5609756097561,2025,2025,1105356,Researchers reveal novel mechanisms for decoding bacterial frequency modulation in signal processing,,This framework enables quantitative predictions about how cellular systems convert frequency-encoded signals into precise amplitude outputs across different dynamical regimes.,"<p>Bacteria employ complex signaling networks for adaptive gene control in changing environments. Bacterial second messenger molecules such as cyclic AMP (cAMP) relay external environmental signals into intracellular responses by employing both amplitude modulation (AM) and frequency modulation (FM) strategies. AM has been well studied, but the mechanisms by which cells decode frequency-encoded signals remain largely unknown.</p>

<p>In a study published in&nbsp;<a href=""https://doi.org/10.1038/s41567-025-03030-4"" target=""_blank""><em>Nature Physics</em></a>, a team led by Prof. JIN Fan from the Shenzhen Institutes of Advanced Technology of the Chinese Academy of Sciences (CAS), along with Prof. YANG Shuai from the National Science Library (Chengdu) of CAS, revealed the fundamental physical principles underlying bacterial FM signal processing, and demonstrated that FM decoding mechanisms enable bacteria to increase information entropy by approximately 2 bits compared to traditional AM in three-gene regulatory systems.</p>

<p>The researchers reconstructed a simplified cAMP signaling pathway in Pseudomonas aeruginosa by replacing endogenous cAMP synthesis machinery with a light-controlled system and native promoters with constitutive ones. This created a precisely controllable frequency-decoding cAMP circuit (FDCC) for quantitative monitoring.</p>

<p>Through time-scale analysis, the researchers discovered that the FDCC system naturally exhibited hierarchical signal processing across three functional modules: a wave converter that operates on second-to-minute timescales to transform periodic light inputs into sawtooth cAMP concentration patterns; a thresholding filter acting on millisecond-to-second timescales via cooperative Vfr-cAMP binding; and an integrator functioning on minute-to-hour timescales to convert dynamic frequency signals into stable protein expression levels.</p>

<p>Moreover, the researchers developed complementary theoretical frameworks including detailed chemical reaction network (CRN) models and analytical theory. Mathematical analysis revealed a critical dimensionless threshold parameter that controls the phase transition between high-pass and low-pass filtering behaviors, and the system&#39;s frequency selectivity was primarily determined by this threshold.</p>

<p>Using an automated high-throughput experimental platform supported by the Shenzhen Synthetic Biology Infrastructure, the researchers validated their theoretical predictions. Quantitative analysis revealed that FM significantly expands accessible state space beyond AM alone. In two-gene systems, AM accessed 19 distinct states, while FM enabled 38 states. In three-gene systems, there was a&nbsp;nearly&nbsp;four-fold increase in distinguishable expression patterns.</p>

<p>This work establishes fundamental principles of frequency-based signal processing in bacterial networks, offering valuable insights into the rational design of synthetic biological circuits.</p>
",News Release,Peer-Reviewed Publication,2025-11-10 12:04:33,"Shenzhen Institute of Advanced Technology, Chinese Academy of Sciences",Non-Profit,China,/Life sciences/Signal transduction/Microbial signaling/Bacterial signaling,/Life sciences/Signal transduction/Signaling pathways/Second messenger pathways,,1,0,0,,Nature Physics,,10.1038/s41567-025-03030-4,Not applicable,Experimental study,Decoding frequency-modulated signals increases information entropy in bacterial second messenger networks,,10.1038/s41567-025-03030-4,10.1038/s41567-025-03030-4,2025-11-10
951566,10.26599/bdma.2022.9020004,Tsinghua University Press,Editorial,2022-07-18,2022-05-03,Tsinghua University Press,fuzzy_title,D,94.11764705882352,2022,2022,951566,What’s beyond 5G? Special journal issue highlights ‘intelligent’ technology ,,"Drones may soon be responsible for bouncing digital data signals from senders to receivers, according to a new collection of peer-reviewed research papers on the role of reconfigurable intelligent surfaces (RISs) in advancing wireless communications.","<p>Drones may soon be responsible for bouncing digital data signals from senders to receivers, according to a new collection of peer-reviewed research papers on the role of reconfigurable intelligent surfaces (RISs) in advancing wireless communications.</p>

<p>Curated from around the world by an international editorial board, this&nbsp;special issue was published on April 29&nbsp;in <em><em>I<a href=""https://ieeexplore.ieee.org/document/9765814"">ntelligent and Converged Networks</a></em></em>, a journal jointly published by Tsinghua University Press and the International Telecommunication Union, the United Nations specialized agency for information and communication technology. &nbsp;</p>

<p>&ldquo;RIS is an emerging new physical-layer technology in the field of wireless communication,&rdquo; said Linglong Dai, associate professor of electronic engineering at Tsinghua University in China and editor of the special issue. Dai is also affiliated with the Beijing National Research Center for Information Science and Technology.</p>

<p>In basic wireless communications, a transmitter sends a signal encoded with information along a specific frequency to a receiver, like local news to a specific radio station. The signal, however, can be blocked, interfered with or lost over distance between the start and intended end of the communication. More advanced wireless communications improve upon this by bouncing signals: a signal moves from a base transceiver &mdash; which both transmit and receive messages &mdash; to a mobile transceiver, which bounces it at a set angle toward the client, circumventing obstacles. Now, in 5G, transceivers can hold multiple antennas to transmit and receive multiple signals over multiple channels for multiple clients while minimizing interference between them.</p>

<p>RIS, a thin plate array of individually programmable and controllable components, personalizes the 5G efficiency and clarity, according to Dai. Each piece of the RIS can be independently adjusted to achieve the exact bounce angle as required by the signals.</p>

<p>&ldquo;RIS promises a paradigm shift for wireless communications, where the wireless propagation environment can be dynamically controlled, which is substantially different from the conventional design that focuses only on the transmitter and receiver,&rdquo; Dai said. &ldquo;But, although the number of publications on RIS has sharply increased, there are still many challenging issues to be extensively investigated.&rdquo;</p>

<p>To highlight potential solutions to barriers to advances in RIS, the researchers selected eight research papers to include.</p>

<p>&ldquo;After a strict review process, we selected the included papers &mdash; submitted by some of the most well-known groups in this field &mdash; based on their technical relevance and merits to advance the practicality of this technology,&rdquo; Dai said. &ldquo;In this special issue, many hot topics on RIS technology and techniques have been well investigated, such as performance analysis and optimization, strength and security of channels, integration into current wireless systems, and an overview of the current RIS hardware and potential system prototyping.&rdquo;</p>

<p>According to Dai, the editors intend for the special issue to provide a snapshot of the breadth and depth of ongoing RIS research.</p>

<p>&ldquo;We hope that, through the efforts of our special issue, researchers will be inspired to continue advancing RIS technology, bringing a paradigm revolution to develop 6G wireless communications in the foreseeable future,&rdquo; Dai said.</p>

<p>Other editors of the special issue include Chan-Byoung Chai, School of Integrated Technology, Yonsei Institute of Convergence Technology, Yonsei University, Korea; Shi Jin, National Mobile Communications Research Laboratory, Southeast University, China; Marco Di Renzo, Universit&eacute; Paris-Saclay, CNRS, CentraleSup&eacute;lec, Laboratoire des Signaux et Syst&egrave;mes; and Rui Zhang, Department of Electrical and Computer Engineering, National University of Singapore. Dai, Chai, Di Renzo and Zhang are fellows of the Institute of Electrical and Electronics Engineers, and Jin is a senior member.</p>

<p>The papers accepted by this special issue are listed as below:</p>

<p>[1] Reconfigurable Intelligent Surfaces for Wireless Communications: Overview of Hardware Designs, Channel Models, and Estimation Techniques. DOI:&nbsp;<a href=""https://www.journals.elsevier.com/communications-in-transportation-research"">https://doi.org/</a><a href=""https://doi.org/10.23919/ICN.2022.0005"">10.23919/ICN.2022.0005</a>. Intelligent and Converged Networks, Apr. 29. 2022.</p>

<p>[2] Reconfigurable Intelligent Surface-Aided Wireless Communications: An Overview. DOI:&nbsp;<a href=""https://www.journals.elsevier.com/communications-in-transportation-research"">https://doi.org/</a><a href=""https://doi.org/10.23919/ICN.2022.0007"">10.23919/ICN.2022.0007</a>. Intelligent and Converged Networks, Apr. 29. 2022.</p>

<p>[3] Maximizing Dirty-Paper Coding Rate of RIS-assisted Multi-User MIMO Broadcast Channels. DOI:&nbsp;<a href=""https://www.journals.elsevier.com/communications-in-transportation-research"">https://doi.org/</a><a href=""https://doi.org/10.23919/ICN.2022.0004"">10.23919/ICN.2022.0004</a>. Intelligent and Converged Networks, Apr. 29. 2022.</p>

<p>[4] Performance analysis of reconfigurable intelligent surface assisted systems under channel aging. DOI:&nbsp;<a href=""https://www.journals.elsevier.com/communications-in-transportation-research"">https://doi.org/</a><a href=""https://doi.org/10.23919/ICN.2022.0002"">10.23919/ICN.2022.0002</a>. Intelligent and Converged Networks, Apr. 229. 2022.</p>

<p>[5] User Cooperation for IRS-aided Secure MIMO Systems. DOI:&nbsp;<a href=""https://www.journals.elsevier.com/communications-in-transportation-research"">https://doi.org/</a><a href=""https://doi.org/10.23919/ICN.2022.0001"">10.23919/ICN.2022.0001</a>. Intelligent and Converged Networks, Apr. 29. 2022.</p>

<p>[6] Reconfigurable Intelligent Surface Assisted Grant-Free Massive Access. DOI:&nbsp;<a href=""https://www.journals.elsevier.com/communications-in-transportation-research"">https://doi.org/</a><a href=""https://doi.org/10.23919/ICN.2022.0009"">10.23919/ICN.2022.0009</a>. Intelligent and Converged Networks, Apr. 29. 2022.</p>

<p>[7] Reconfigurable Intelligent Surface Based Hybrid Precoding for THz Communications. DOI:&nbsp;<a href=""https://www.journals.elsevier.com/communications-in-transportation-research"">https://doi.org/</a><a href=""https://doi.org/10.23919/ICN.2022.0003"">10.23919/ICN.2022.0003</a>. Intelligent and Converged Networks, Apr. 29. 2022.</p>

<p>[8] Aerial Intelligent Reflecting Surface for Secure Wireless Networks: Secrecy Capacity and Optimal Trajectory Strategy. DOI:&nbsp;<a href=""https://www.journals.elsevier.com/communications-in-transportation-research"">https://doi.org/</a><a href=""https://doi.org/10.23919/ICN.2022.0020"">10.23919/ICN.2022.0020</a>. Intelligent and Converged Networks, Apr. 29. 2022.</p>

<p>&nbsp;</p>

<p>These&nbsp;papers&nbsp;are&nbsp;also available on SciOpen (https://www.sciopen.com/home) by Tsinghua University Press.</p>

<p style=""text-align: center;"">##</p>

<p><strong>About <a href=""https://www.sciopen.com/journal/2708-6240?issn=2708-6240""><em><u><u><em>Intelligent and Converged Networks</em></u></u></em><u>&nbsp;</u></a></strong></p>

<p><em>Intelligent and Converged Networks</em>&nbsp;is an international specialized journal that focuses on the latest developments in communication technology. The journal is co-published by Tsinghua University Press and the International Telecommunication Union (ITU), the United Nations specialized agency for information and communication technology (ICT). <em>Intelligent and Converged Networks</em>&nbsp;draws its name from the accelerating convergence of different fields of communication technology and the growing influence of artificial intelligence and machine learning.</p>

<p><strong>About <a href=""https://www.sciopen.com/home""><u><u>SciOpen</u></u></a>&nbsp;</strong></p>

<p>SciOpen is a professional open access resource for discovery of scientific and technical content published by the Tsinghua University Press and its publishing partners, providing the scholarly publishing community with innovative technology and market-leading capabilities. SciOpen provides end-to-end services across manuscript submission, peer review, content hosting, analytics, and identity management and expert advice to ensure each journal&rsquo;s development by offering a range of options across all functions as Journal Layout, Production Services, Editorial Services, Marketing and Promotions, Online Functionality, etc. By digitalizing the publishing process, SciOpen widens the reach, deepens the impact, and accelerates the exchange of ideas.</p>
",News Release,Reports and Proceedings,2022-05-03 09:41:37,Tsinghua University Press,Non-Profit,China,/Applied sciences and engineering/Network science,,,0,0,0,,Intelligent and Converged Networks,,,,,Editoral,,,,2022-05-03
957366,10.1016/j.jlr.2022.100235,Hokkaido University,"Whole picture of human stratum corneum ceramides, including the chain-length diversity of long-chain",2022-05-30,2022-06-29,Hokkaido University,fuzzy_title,D,97.0873786407767,2022,2022,957366,Skin’s protective chains uncovered,,The skin’s top layer contains a diverse set of hundreds of lipid molecules called ceramides with varying chain lengths that play a vital role in its barrier function.,"<p><strong>The skin&rsquo;s top layer contains a diverse set of hundreds of lipid molecules called ceramides with varying chain lengths that play a vital role in its barrier function.</strong></p>

<p>Ceramides are a type of lipid that are found in abundance in the top layer of the skin, called the stratum corneum. They play a crucial role in the skin&rsquo;s barrier function, preventing entrance of pathogens and allergens and the loss of water and electrolytes. Mutations in the genes involved in the production of ceramides lead to a wide range of skin diseases.</p>

<p>A new analytical approach has revealed the full range of different ceramides found in the top layer of human skin. The results were published by Hokkaido University scientists in the <em>Journal of Lipid Research</em> and could improve understanding of skin diseases like psoriasis and dermatitis.</p>

<p>Scientists have struggled to get a full picture of the types of ceramides present in the stratum corneum due to difficulties in separating them from each other and then specifically identifying each one. The technological approaches that have so far been used to do this have not been sensitive enough.</p>

<p>Professor Akio Kihara and fellow biochemists at Hokkaido University in Japan developed an approach to address this. They used a method called liquid chromatography with tandem mass spectrometry using the multiple reaction monitoring mode. This approach separates the various ceramides in the skin and then selectively quantifies them by converting molecules into ions that are manipulated in electric and magnetic fields to sort them according to their mass-to-charge ratios.</p>

<p>By doing so, the team identified 1,327 different unbound ceramides and another 254 that are bound to proteins. They were also able to discover certain details of the ceramides, such as the lengths of their basic structural unit, called the long-chain base and the types of fatty acids they are conjugated to. They found, for example, that the long-chain bases ranged in length from 16 to 26 carbon atoms and that the 18-carbon-atom length was the most abundant.</p>

<p>Further analyses revealed that an enzyme called serine palmitoyltransferase was important for the diversity in ceramide long-chain base length in human stratum corneum.</p>

<p>&ldquo;Total ceramide chain length is reduced in people with atopic dermatitis,&rdquo; says Kihara. &ldquo;We think that the presence of the longer long-chain bases in ceramides is required for normal skin barrier function. In the future, comprehensive measurements of ceramides in people with skin disease could reveal the relationship between changes in ceramide composition and the pathology of each disease.&rdquo;</p>
",News Release,Peer-Reviewed Publication,2022-06-29 07:00:33,Hokkaido University,Non-Profit,Japan,/Physical sciences/Chemistry/Chemical compounds/Biomolecules/Lipids,"/Life sciences/Organismal biology/Anatomy/Integumentary system/Skin, /Research methods/Separation techniques/Chromatography/Liquid chromatography, /Research methods/Spectroscopy/Mass spectrometry, /Physical sciences/Chemistry/Chemical compounds/Biomolecules/Fatty acids",,2,0,0,,Journal of Lipid Research,,,,Experimental study,"Whole picture of human stratum corneum ceramides, including the chain-length diversity of long-chain bases",,,,2022-06-29
967421,10.1038/s41598-022-20548-2,Nagoya University,Localized mesospheric ozone destruction corresponding to isolated proton aurora coming from Earth’s,2022-10-11,2022-10-11,Nagoya University,fuzzy_title,D,91.58878504672897,2022,2022,967421,Researchers use aurora to reveal changes to ozone layer caused by charged particles in space ,,"Along with solar radiation from the Sun, cosmic rays and high-energy plasma particles, such as ions and electrons, bombard the Earth's atmosphere. Among these particles, electrons in the radiation belt, the layer that surrounds the Earth in space, may fall along magnetic field lines into the Earth's atmosphere. When they fall, their charge ionizes the atmosphere and produces nitrogen oxides and hydrogen oxides. Both compounds contribute to ozone loss.","<p>To assess changes caused to the ozone in Earth<span dir=""RTL"">&rsquo;</span>s mesosphere (50-80 km altitude) by charged particles in space that surround the Earth, an international team of researchers from Japan, the United States, and Canada studied a type of aurora called an <span dir=""RTL"">&ldquo;</span>isolated proton aurora&rdquo;. They found more changes than predicted by simulations, suggesting a new factor to consider when assessing changes to the ozone at these altitudes.&nbsp;</p>

<p>Along with solar radiation from the Sun, cosmic rays, and high-energy plasma particles, such as ions and electrons, bombard the Earth&#39;s atmosphere. Among these particles, electrons in the radiation belt, the layer that surrounds the Earth in space, may fall along magnetic field lines into the Earth&#39;s atmosphere. When they fall, their charge ionizes the atmosphere and produces nitrogen oxides and hydrogen oxides. Both compounds contribute to ozone loss, particularly in the Earth<span dir=""RTL"">&rsquo;</span>s mesosphere, which is the region above the stratosphere where the critical life-protecting ozone layer resides. &nbsp;</p>

<p>Although high-energy plasma particles may change the amount of ozone in the mesosphere, details of their impact are less well understood. This is because such particles are not visually observable, making it difficult to ascertain their location. However, when these charged particles interact with the upper atmosphere, they emit an isolated proton aurora that falls toward Earth. Normally, auroras appear as a belt around the north and south poles, however, these isolated proton auroras are visible as isolated spots or bands at lower latitudes.&nbsp;</p>

<p>Researchers from Nagoya University, Kanazawa University, and the National Institute of Polar Research in Japan; Johns Hopkins University in the USA; Athabasca University and the University of Alberta in Canada; NASA Langley Research Center; and the Japan Aerospace Exploration Agency (JAXA) investigated the ozone fluctuations below the isolated proton aurora to assess the impact of radiation-belt electrons. They reported their findings in <em>Scientific Reports</em>.&nbsp;</p>

<p>To detect electrons over the aurora, the team used a combination of satellite remote sensing, ground-based electromagnetic wave observations, and information from the International Space Station. For the first time, the data revealed the formation of a localized ozone hole in the mesosphere, about 400 km wide, which was associated with isolated proton auroras. While decreased ozone was observed, this phenomenon should have no effect on the stratospheric ozone layer that protects life on Earth. &nbsp;</p>

<p>Comparing their results to simulations, the researchers found that the change was much greater than predicted. Up to 10-60% of the ozone directly below the aurora was destroyed 90 minutes after it began. However, the researchers stress that this change is expected to heal naturally and cause no long-term decline in the ozone in the mesosphere. Since the localized changes were directly below the isolated proton aurora, the researchers compared it to a pinpoint hole in a <em>shoji, </em>the paper sliding doors found in traditional Japanese houses. &nbsp;</p>

<p><span dir=""RTL"">&ldquo;</span>Researchers from a wide range of research fields related to plasma physics, aurora science, trace atmospheric composition sensing, and electromagnetic wave engineering were brought together to achieve comprehensive observations through international cooperation,&rdquo; explains team member Kazuo Shiokawa, a professor at the Institute for Space-Earth Environmental Research at Nagoya University. However, he points out that even those without sophisticated technology can see isolated proton auroras. <span dir=""RTL"">&ldquo;</span>Isolated proton auroras can be observed by scientific all-sky cameras,&rdquo; he said. <span dir=""RTL"">&ldquo;</span>Although it is a rather weak aurora, it is also visible to a regular person.&rdquo;&nbsp;&nbsp;</p>

<p><span dir=""RTL"">&ldquo;</span>This is the first observational study in the world to show that radiation belt electron fallout from space around the Earth has a direct, immediate, and localized effect on atmospheric changes in the mesosphere,&rdquo; the researchers said. <span dir=""RTL"">&ldquo;</span>This study revealed that radiation belt electrons falling into the atmosphere from space around the Earth have a rapid and localized effect on the composition of the microatmosphere, including ozone. This finding is expected to contribute to an improved prediction of short-term changes in the Earth&#39;s atmospheric environment by considering the effects of atmospheric ionization by high-energy plasma from space.&rdquo;&nbsp;&nbsp;&nbsp;</p>

<p><span dir=""RTL"">&ldquo;</span>This result strongly suggests that the influence of radiation belt electrons cannot be ignored in predicting changes in the Earth&#39;s atmospheric environment,&rdquo; they concluded.&nbsp;&nbsp;&nbsp;</p>

<p>//Funding//&nbsp;</p>

<p>This work was supported by Grant-in-Aid for Scientific Research (JP16H06286, JP20H02162) from Japan Society for the Promotion of Science.&nbsp;&nbsp;</p>
",News Release,Peer-Reviewed Publication,2022-10-11 09:00:10,Nagoya University,Non-Profit,Japan,/Physical sciences/Earth sciences/Atmospheric science/Atmosphere/Atmospheric structure/Ozonosphere/Ozone depletion,"/Physical sciences/Physics/Astrophysics/Astrophysical plasmas/Radiation belts, /Physical sciences/Physics/Particle physics/Subatomic particles/Electrons, /Physical sciences/Physics/Electromagnetism/Electricity/Electric charge, /Research methods/Environmental methods, /Physical sciences/Physics/Energy/Radiation/Solar radiation, /Physical sciences/Chemistry/Molecular chemistry/Ions, /Physical sciences/Physics/Electromagnetism/Magnetism/Magnetic fields",,1,0,0,,Scientific Reports,,,,,Localized mesospheric ozone destruction corresponding to isolated proton aurora coming from Earth's radiation belt.,,,,2022-10-11
967596,10.1177/07487304221124661,Hokkaido University,Time of Day of Vaccination Does Not Associate With SARS–CoV–2 Antibody Titer Following First Dose of,2022-09-26,2022-10-12,Hokkaido University,fuzzy_title,D,90.09009009009009,2022,2022,967596,Time of day might not matter for COVID-19 vaccination,,A study in Japan finds antibody response to the Moderna COVID-19 mRNA vaccine does not vary depending on the time of day when the dose was received.,"<p><strong>A study in Japan finds antibody response to the Moderna COVID-19 mRNA vaccine does not vary depending on the time of day when the dose was received.</strong></p>

<p>Many physiological and behavioral functions including the immune system exhibit circadian rhythms. Several studies have investigated if the immune response to COVID-19 vaccines varies depending on the time of day when the dose was received, but results were dependent on type of vaccine, participants&rsquo; age and sex.&nbsp; Now, a study conducted by scientists at Hokkaido University and colleagues in Japan has found no association between antibody response to COVID-19 vaccine and time of day of vaccination. They do add to the body of literature that could ultimately guide vaccination optimization. The findings were published in the <em>Journal of Biological Rhythms</em>.</p>

<p>The researchers recruited their study participants from Hokkaido University employees and students who received their first dose of the mRNA-1273 (Moderna) vaccine two to four weeks earlier. Those who had been previously infected with COVID-19 were excluded. The study group did not include shift workers, a crucial difference between this and some previous studies on healthcare workers.</p>

<p>The team collected demographic data on the final group of 332 Japanese participants and took blood samples to measure antibody titers against SARS-CoV-2. They then conducted statistical analyses to find out if there were associations between the time of day when the participants received their vaccine dose, any of the demographic characteristics, and the immune response.</p>

<p>&ldquo;Our analyses revealed no significant association between the time of day of vaccination and the SARS-CoV-2 antibody concentration, but we did find that antibody titers decreased in participants aged 50 to 64, which is consistent with previous studies,&rdquo; says Hokkaido University physiologist Dr. Yujiro Yamanaka, who specializes in studying chronobiology.</p>

<p>Conflicting results between studies could be explained by various factors, including differences in sex, age, physical activity, and natural immune system, the type of vaccine received, number of days after vaccination, and differences in vaccine dose. Scientists also need to more fully understand whether other factors like race play a role.</p>

<p>&ldquo;The limitations reduce our ability to conclusively rule out the possibility that circadian rhythms influence antibody response to vaccination,&rdquo; says Yamanaka. &ldquo;Larger randomized studies are needed to more conclusively guide vaccination strategies regarding a time-of-day variable.&rdquo;</p>
",News Release,Peer-Reviewed Publication,2022-10-12 03:05:25,Hokkaido University,Non-Profit,Japan,/Health and medicine/Diseases and disorders/Infectious diseases/Microbial infections/Viral infections/COVID 19,/Life sciences/Physiology/Biological rhythms,,2,0,0,,Journal of Biological Rhythms,,10.1177/0748730422112466,People,,Time of Day of Vaccination Does Not Associate With SARS–CoV–2 Antibody Titer Following First Dose of mRNA COVID–19 Vaccine,,10.1177/0748730422112466,10.1177/0748730422112466,2022-10-12
926844,10.1039/d1cp03156b,Osaka City University,Bayesian phase difference estimation: a general quantum algorithm for the direct calculation of ener,2021-01-01,2021-09-02,Osaka City University,fuzzy_title,D,95.69377990430623,2021,2021,926844,New Bayesian quantum algorithm directly calculates the energy difference of an atom and molecule,"Osaka City University creates a general quantum algorithm, executable on quantum computers, which calculates molecular energy differences without considering relevant total energies","Researchers have developed a general quantum algorithm that can directly calculate the energy difference of an atom and molecule using a quantum computer. By avoiding the need to calculate the total molecular energies, the general algorithm is expected to be applied not only to quantum chemical calculations but also to various physical and mathematical problems, which are intractable with nowadays classical computers.","<p style=""text-align:left"">OSAKA, Japan. As newly reported by the journal <em>Physical Chemistry Chemical Physics</em>, researchers from the Graduate School of Science at Osaka City University have developed a quantum algorithm that can understand the electronic states of atomic or molecular systems by directly calculating the energy difference in their relevant states. Implemented as a Bayesian phase different estimation, the algorithm breaks from convention by not focusing on the difference in total energies calculated from the pre- and post-phase evolution, but by following the evolution of the energy difference itself.</p>

<p style=""text-align:left"">&ldquo;Almost all chemistry problems discuss the energy difference, not the total energy of the molecule itself,&rdquo; says research lead and Specially-Appointed Lecturer Kenji Sugisaki, &ldquo;also, molecules with heavy atoms that appear at the lower part of the periodic table have large total energies, but the size of the energy difference discussed in chemistry, such as electronic excitation states and ionization energies, does not depend much on the size of the molecule.&rdquo; This idea led Sugisaki and his team to implementing a quantum algorithm that directly calculates energy differences instead of total energies, creating a future where scalable or practical quantum computers enable us to carry out actual chemical research and materials development.</p>

<p style=""text-align:left"">Currently, quantum computers are capable of performing the full configuration interaction (full-CI) calculations which afford optimal molecular energies with a quantum algorithm called quantum phase estimation (QPE), noting that the full-CI calculation for sizable molecular systems is intractable with any supercomputers. QPE relies on the fact that a wave function, |&Psi;&rang; which denotes the mathematical description of the quantum state of a microscopic system &ndash; in this case the mathematical solution of the Schr&ouml;dinger equation for the microscopic system such as an atom or molecule &ndash; time-evolutionally changes its phase depending on its total energy. In the conventional QPE, the quantum superposition state (|0&rang;|&Psi;&rang;+|1&rang;|&Psi;&rang;) &frasl; &radic;2 is prepared, and the introduction of a controlled time evolution operator makes |&Psi;&rang; evolve in time only when the first qubit designates the |1&rang; state. Thus, the |1&rang; state creates a quantum phase of the post-evolution in time whereas the|0&rang; state that of the pre-evolution. The phase difference between the pre- and post-evolutions gives the total energy of the system. &nbsp;&nbsp;</p>

<p style=""text-align:left"">The researchers of Osaka City University generalize the conventional QPE to the direct calculation of the difference in the total energy between two relevant quantum states. In the newly implemented quantum algorithm termed Bayesian phase difference estimation (BPDE), the superposition of the two wave functions, (|0&rang;|&Psi;<sub>0</sub> &rang; + |1&rang;|&Psi;<sub>1</sub> &rang;) &frasl; &radic;2, where |&Psi;<sub>0</sub> &rang; and |&Psi;<sub>1</sub> &rang; denote the wave function relevant to each state, respectively, is prepared, and the difference in the phase between |&Psi;<sub>0</sub> &rang; and |&Psi;<sub>1</sub> &rang; after the time evolution of the superposition directly gives the difference in the total energy between the two wave functions involved. &ldquo;We emphasize that the algorithm follows the evolution of the energy difference over time, which is less prone to noise than individually calculating the total energy of an atom or molecule. Thus, the algorithm suites the need for chemistry problems which require precise accuracy in energy.&rdquo; states research supervisor and Professor Emeritus Takeji Takui.</p>

<p style=""text-align:left"">Previously, this research group developed a quantum algorithm that directly calculates the energy difference between electronic states (spin states) with different spin quantum numbers (K. Sugisaki, K. Toyota, K. Sato, D. Shiomi, T. Takui, <em>Chem. Sci.</em> 2021, <em>12</em>, 2121&ndash;2132.). This algorithm, however, requires more qubits than the conventional QPE and cannot be applied to the energy difference calculation between the electronic states with equal spin quantum numbers, which is important for the spectral assignment of UV-visible absorption spectra. The BPDE algorithm developed in the study overcomes these issues, making it a highly versatile quantum algorithm.</p>

<p style=""text-align:left"">###</p>

<p style=""text-align:left"">Other contributors include Kazuo Toyota, Kazunobu Sato and Daisuke Shiomi, all of whom are affiliated with the Department of Chemistry and Molecular Materials Science in Osaka City University&#39;s Graduate School of Science. Sugisaki is also affiliated with the Japan Science and Technology Agency&#39;s PRESTO Project, &quot;Quantum Software.&quot; Takui is also a University Research Administrator in the Research Support Department/University Research Administrator Center of Osaka City University.</p>

<p style=""text-align:left"">We are Osaka City University - the oldest research university in Osaka. With 9 undergraduate faculties and 11 graduate schools all dedicated to making urban life better, energy cleaner, and people healthier and happier, we have won numerous awards and have produced 2 Nobel laureates. For more information, please visit our website at&nbsp;<a href=""https://www.osaka-cu.ac.jp/en"">https://www.osaka-cu.ac.jp/en</a></p>
",News Release,Peer-Reviewed Publication,2021-09-02 08:00:00,Osaka City University,Non-Profit,Japan,/Physical sciences/Chemistry/Chemical physics/Quantum chemistry,"/Applied sciences and engineering/Applied mathematics/Algorithms/Quantum algorithms, /Applied sciences and engineering/Applied mathematics/Computational science/Quantum computing, /Applied sciences and engineering/Applied mathematics/Statistics/Inferential statistics/Bayesian statistics, /Applied sciences and engineering/Applied mathematics/Statistics/Inferential statistics/Statistical estimation, /Physical sciences/Chemistry/Chemical modeling, /Physical sciences/Chemistry/Chemical physics",,1,0,0,,Physical Chemistry Chemical Physics,,,Not applicable,Computational simulation/modeling,A Bayesian phase difference estimation: a general quantum algorithm for the direct calculation of energy gaps,,,,2021-09-02
975730,10.1126/sciadv.abq5506,Chinese Academy of Sciences Headquarters,Natural variation of codon repeats in <i>COLD11</i> endows rice with chilling resilience,2023-01-06,2023-01-06,Chinese Academy of Sciences Headquarters,fuzzy_title,D,95.85798816568047,2023,2023,975730,Researchers uncover key codon repeats regulating chilling tolerance in rice,,"A recent study by Prof. CHONG Kang’s group from the Institute of Botany of the Chinese Academy of Sciences (CAS) has revealed a novel cold domesticated repair mechanism for DNA damage in rice, providing corresponding elite modules for the improvement of chilling tolerance trait in rice with the codon repeats at a single site.","<p style=""text-align:left"">A recent study by Prof. CHONG Kang&#39;s group from the Institute of Botany of the Chinese Academy of Sciences (CAS) has revealed a novel cold domesticated repair mechanism for DNA damage in rice, providing corresponding elite modules for the improvement of chilling tolerance trait in rice with the codon repeats at a single site.</p>

<p style=""text-align:left"">Results were published online in <em>Science Advances</em>.</p>

<p style=""text-align:left"">Global climate change has led to a clear increase in abnormal environmental temperatures and extreme weather events in recent years. Thus, it is urgent that crops have the capacity to endure extreme temperatures in order to ensure stable yields. Although plants have evolved complicated and delicate protective mechanisms to survive chilling stress, DNA damage still occurs, thus lowering plants&#39; defenses. Furthermore, the underlying regulatory mechanism has been largely unclear.</p>

<p style=""text-align:left"">In this study, Prof. CHONG&#39;s group, in cooperation with Prof. LI Qizhai&#39;s group from the Academy of Mathematics and Systems Science of CAS, and Prof. CHENG Zhukuan&#39;s group from the Institute of Genetics and Developmental Biology of CAS, used an approach that combines population genetics, genomics, and cell and evolutionary biology to exploit the novel module for chilling tolerance.</p>

<p style=""text-align:left"">The researchers performed data-merging genome-wide association studies (DM-GWAS) based on multidimensional scaling. A series of loci were identified by GWAS using merged phenotypic data. One of these was <em>qCTS11-1</em> on<em> </em>chromosome 11, which makes a clear contribution to rice chilling tolerance. Its major gene, <em>COLD11</em>, was identified with fine-scale mapping. Loss-of-function mutations of <em>COLD11</em> caused reduced chilling tolerance, according to the researchers.</p>

<p style=""text-align:left"">Different types of GCG codon repeats encoding alanine in the first exon of <em>COLD11</em> were observed for chilling-sensitive <em>indica</em> varieties and chilling-tolerant <em>japonica</em> varieties. The GCG codon repeat numbers had a clear, positive correlation with chilling tolerance. In addition, genome evolution analysis of representative rice germplasms suggested that numerous GCG sequence repeats were subjected to strong domestication selection during the northern expansion of rice planting.</p>

<p style=""text-align:left"">Furthermore,<em> COLD11</em> encodes a DNA repair protein that plays an essential role in the repair of DNA double-strand breaks. The GCG repeat numbers in its first exon showed a positive correlation with its biochemical activity. This is the first report of a domestication-selected DNA damage repair mechanism and its corresponding elite modules involving chilling stress.</p>

<p style=""text-align:left"">Using DM-GWAS of <em>japonica </em>and <em>indica</em>&mdash;two rice subspecies with substantial divergence in chilling tolerance&mdash;this&nbsp;study reveals that <em>COLD11</em> is<em> </em>a major quantitative trait loci gene for chilling tolerance.</p>

<p style=""text-align:left"">The discovery of the key codon repeats in the first exon of <em>COLD11</em>, confirmed by phylogenetic and geographic distribution analysis, opens the way for fine regulation of rice chilling tolerance with a single site. It is a potentially useful molecular module for improving the chilling tolerance trait in rice through molecular design.</p>
",News Release,Peer-Reviewed Publication,2023-01-06 19:00:00,Chinese Academy of Sciences Headquarters,Non-Profit,China,/Life sciences/Genetics/Molecular genetics/Gene expression/Genetic code/Codons,"/Life sciences/Plant sciences/Horticulture/Agronomy/Crop science/Crops/Rice, /Life sciences/Genetics/Genetic methods/Gene identification/Genome wide association studies, /Life sciences/Genetics/Molecular genetics/DNA damage, /Life sciences/Genetics/Molecular genetics/Genetic material/DNA/DNA structure/DNA regions/Exons, /Life sciences/Genetics/Molecular genetics/Gene expression/Gene regulation, /Life sciences/Genetics/Genomics/Genomes/Eukaryotic genomes/Plant genomes/Rice genomes, /Life sciences/Plant sciences/Plant physiology/Plant stresses",,1,0,0,,Science Advances,,,Not applicable,Meta-analysis,Natural variation of codon repeats in COLD11 endows rice with chilling resilience,,,,2023-01-06
979207,10.1038/s41477-022-01304-w,Nagoya University,Dynamic chromatin accessibility deploys heterotypic cis/trans-acting factors driving stomatal cell-f,2022-12-15,2023-02-09,Nagoya University,fuzzy_title,D,93.45794392523365,2023,2023,979207,Scientists find unlikely pairs of DNA elements and regulator proteins make small plant stem cells destined to become tiny mouths,,"Researchers at Nagoya University in Japan, the University of Texas at Austin, and the University of Washington have elucidated a mechanism that makes tiny plant stem cells destined to give rise to stomata, cellular valves of plants that facilitate global carbon cycles.","<p style=""text-align:start"">Researchers at Nagoya University in Japan, the University of Texas at Austin, and the University of Washington have elucidated a mechanism that makes tiny plant stem cells destined to give rise to stomata, cellular valves of plants that facilitate global carbon cycles.</p>

<p style=""text-align:start"">Like our own cells, such as neurons and muscle fibers, plants give rise to cells with a special functionality. One such cell type is a stoma (plural stomata) -- a pair of guard cells that surround a pore for efficient exchange of carbon dioxide and oxygen. The stomata adjust the release of water vapors to prevent the plants from wilting. During the development of a dicot leaf, including that of a model plant Arabidopsis, stem cells for stomata continue to emerge and each of them eventually becomes a stomatal guard cell.&nbsp;</p>

<p style=""text-align:start"">Scientists know the identity of the master regulatory transcription factors of stomata, a type of protein that binds to DNA and regulates the expression of numerous genes to make stomata. They include SPEECHLESS and MUTE, two &#39;sister&#39; master regulators that sequentially initiate and terminate the stem cell state of stomata. However, a big mystery remains: How can these master regulators coordinate with the actual genome state of stem cells to switch their fate?</p>

<p style=""text-align:start"">In an article published in&nbsp;<em>Nature Plants</em>&nbsp;on December 15, 2022, researchers reported the genome-wide atlas of genome state (known as chromatin-accessibility) during stomatal development. In a nucleus of eukaryotic cells, genome DNA is bundled with histone proteins, a complex known as a chromatin. Transcription factors can access to the &#39;open chromatin region&#39;, the place where the actions of gene expression are happening.&nbsp;</p>

<p style=""text-align:start"">Using a technique called ATAC-sequencing, genome-wide profiling of accessible chromatins during stomatal development revealed that major reprogramming occurs at the point of stem cell proliferation to differentiation. The researchers also discovered that two DNA codes (called cis-regulatory elements) are highly enriched in the early stomatal lineage: E-box, where transcription factors known as bHLH proteins bind, and GAGA-repeats, where transcription factors called BPCs bind in plants.</p>

<p style=""text-align:start"">What is the significance of these two DNA codes? SPEECHLESS and MUTE, two sequentially-acting master regulators, are bHLH proteins and they bind to these E-boxes. The researchers further discovered that MUTE, but not SPEECHLESS, strongly binds to BPCs, which bind to GAGA-repeats. Other scientists have shown that BPCs recruit enzymes that &#39;tag&#39; the repressive marks to chromatins. However, the current study revealed that during the differentiation of stem cells, MUTE binds with BPCs, then brings chromatin modifiers to establish repressive chromatin environment, thereby locking-in the genomic state to differentiation.</p>

<p style=""text-align:start"">&quot;We are very surprised and excited,&rdquo; said Professor Keiko Torii, the senior author. &quot;Our genome-wide survey of chromatin accessibility tells us why it is important that the plants utilized sister master-regulators, SPEECHLESS and MUTE. They have similar but opposite roles-- one initiates and maintains, and the other terminates the stomatal stem cell state. Now we know that only one of them --MUTE-- can bring in BPCs to change the chromatin state. This means that two different classes of transcription factors and two different classes of DNA elements work together to lock in the fate of a plant cell. Our finding expands on how different cell types can be made&quot;.</p>

<p>Other authors of the article include Eundeok Kim, Bridget Fitzgerald, Krishna Sepuru, and Hyemin Seo at The University of Texas at Austin and the Howard Hughes Medical Institute, Michael Dorrity and Chrstine Queitsch at the University of Washington, Soon-Ki Han at Nagoya University, and Nobutaka Mitsuda at AIST, Japan.&nbsp;</p>
",News Release,Peer-Reviewed Publication,2023-02-09 02:15:00,"Institute of Transformative Bio-Molecules (ITbM), Nagoya University",Non-Profit,Japan,/Life sciences/Genetics/Molecular genetics/Chromatin,"/Life sciences/Genetics/Molecular genetics/Gene expression/Gene regulation, /Life sciences/Biochemistry/Biomolecules/Proteins/Transcription factors, /Life sciences/Plant sciences/Plant anatomy/Plant stems, /Life sciences/Cell biology/Cellular physiology/Cell development/Cell differentiation/Stem cell differentiation, /Life sciences/Genetics/Plant genetics/Plant genomes",,1,0,0,,Nature Plants,,10.1126/sciadv.abq6161,Not applicable,Experimental study,Dynamic chromatin accessibility deploys heterotypic cis/trans-acting factors driving stomatal cell-fate commitment,,10.1126/sciadv.abq6161,10.1126/sciadv.abq6161,2023-02-09
981725,10.1021/acsnano.2c11516,"Hefei Institutes of Physical Science, Chinese Academy of Sciences",Addition of Dioxane in Electrolyte Promotes (002)-Textured Zinc Growth and Suppressed Side Reactions,2023-02-08,2023-03-06,"Hefei Institutes of Physical Science, Chinese Academy of Sciences",fuzzy_title,D,90.09009009009009,2023,2023,981725,Novel method developed to stabilize zinc-ion batteries,,"According to research published in international journal of ACS Nano recently, a team led by Dr. LI Zhaoqian. from Hefei Institutes of Physical Science (HFIPS), Chinese Academy of Science (CAS) found that the addition of 1,4-dioxane (DX) molecules in the electrolyte of aqueous zinc ion battery would lead to the preferred Zn (002) texture growth, which effectively suppressed the Zn dendrite growth and improved the reversibility and cycling stability of batteries.","<p style=""text-align:start"">According to research published in international journal of&nbsp;<em>ACS Nano</em>&nbsp;recently, a team led by Dr. LI Zhaoqian. from&nbsp;<a href=""http://english.hf.cas.cn/"">Hefei Institutes of Physical Science (HFIPS)</a>, Chinese Academy of Science (CAS) found that the addition of 1,4-dioxane (DX) molecules in the electrolyte of aqueous zinc ion battery would lead to the preferred Zn (002) texture growth, which effectively suppressed the Zn dendrite growth and improved the reversibility and cycling stability of batteries.</p>

<p style=""text-align:start"">Aqueous rechargeable zinc-ion batteries (ZIBs) are an emerging sustainable system for the next generation of grid-scale energy storage technology. However, the implementation of this technology has been plagued by the serious dendrite issue and poor reversibility of Zn anode. In hexagonal close-packed Zn crystal, (002) facet possesses the lowest surface energy and the slowest growth rate rendering a surface-reaction-controlled deposition process, and thus mitigating the rampant Zn<sup>2+</sup>&nbsp;flux and side-reactions. Therefore, inducing preferred Zn (002) texture can effectively alleviate the dendrite growth and the formation of side-reactions.</p>

<p style=""text-align:start"">In this study, researchers constructed an advanced electrolyte modulating strategy to adjust the anode/electrolyte interface. In this new system, the adsorption of 1,4-Dioxane (DX) on the Zn surface can induce Zn (002) texture growth and suppress the detrimental side-reactions.</p>

<p style=""text-align:start"">The performance of the new system was validated in later experiments. Battery with the addition of DX demonstrated a long-term cycling stability of 1000 h, even at harsh condition of 10 mA cm<sup>-2</sup>&nbsp;with an ultrahigh cumulative plated capacity of 5 Ah cm<sup>-2</sup>. The battery also showed a high reversibility with average coulombic efficiency of 99.7%.</p>

<p style=""text-align:start"">&quot;The Zn//NH<sub>4</sub>V<sub>4</sub>O<sub>10</sub>&nbsp;full cell with DX realized high specific capacity and capacity retention,&quot; said Dr. LI Zhaoqian, &quot;It&#39;s much better than ZIBs with pristine ZnSO<sub>4</sub>&nbsp;electrolyte.&quot;</p>

<p style=""text-align:start"">This study selectively adjusted the deposition rate of Zn<sup>2+</sup>&nbsp;on the crystal plane by adsorbing molecules, which provided a promising strategy for modulating high performance zinc anodes at the molecular level, and was expected to be applied to other metal anodes with poor stability and reversibility.</p>
",News Release,Peer-Reviewed Publication,2023-03-06 08:39:28,"Hefei Institutes of Physical Science, Chinese Academy of Sciences ",Non-Profit,China,/Physical sciences,,,2,0,0,,ACS Nano,,,,,Addition of Dioxane in Electrolyte Promotes (002)-Textured Zinc Growth and Suppressed Side Reactions in Zinc-Ion Batteries,,,,2023-03-06
981894,10.1103/physrevapplied.19.024048,"Hefei Institutes of Physical Science, Chinese Academy of Sciences",Pressure-Optimized Band Gap and Enhanced Photoelectric Response of Graphitic Carbon Nitride with Nit,2023-02-16,2023-03-07,"Hefei Institutes of Physical Science, Chinese Academy of Sciences",fuzzy_title,D,91.16279069767442,2023,2023,981894,New strategy proposed for bandgap engineering and maintaining property of material under high pressure,,"Recently, Prof. DING Junfeng and his team from the Institute of Solid State, Hefei Institutes of Physical Science (HFIPS) of Chinese Academy of Science (CAS), together with Prof. ZHANG Genqiang from the University of Science and Technology of China, achieved band gap optimization and photoelectric response enhancement of carbon nitride in graphite phase with nitrogen vacancies under high pressure.","<p style=""text-align:start"">Recently, Prof. DING Junfeng and his team from the Institute of Solid State,&nbsp;<a href=""http://english.hf.cas.cn/"">Hefei Institutes of Physical Science (HFIPS)</a>&nbsp;of&nbsp;Chinese Academy of Science (CAS), together with Prof. ZHANG Genqiang from the University of Science and Technology of China, achieved band gap optimization and photoelectric response enhancement of carbon nitride in graphite phase with nitrogen vacancies under high pressure.</p>

<p style=""text-align:start"">The relevant results were published in&nbsp;<em>Physical Review Applied</em>.</p>

<p style=""text-align:start"">Graphitic carbon nitnitide (g-C<sub>3</sub>N<sub>4</sub>) performed well in many fields like high efficiency photocatalytic hydrogen production and water oxidation. However, the wide band gap of 2.7 eV of the original g-C<sub>3</sub>N<sub>4</sub>&nbsp;limits its light absorption in the visible range. High pressure technology is an effective strategy to change properties while remaining composition. Therefore, band gap engineering of g-C<sub>3</sub>N<sub>4</sub>&nbsp;by high pressure technology can significantly promote its photocatalytic activity and enhance its application potential.</p>

<p style=""text-align:start"">In this study, scientists prepared N-containing vacancy defect g-C<sub>3</sub>N<sub>4</sub>&nbsp;nanosheets with a nitrogen/carbon ratio of 9:10 by alkali assisted thermal polymerization.</p>

<p style=""text-align:start"">A series researches were conducted later about the band gap evolution and photoelectric response behavior of g-C<sub>3</sub>N<sub>4</sub>&nbsp;under high pressure. They used diamond anvil cell (DAC) combined with Raman spectroscopy, synchrotron X-ray diffraction, high-pressure absorption spectroscopy, and photocurrent measurement techniques.</p>

<p style=""text-align:start"">An important phenomenon was that g-C<sub>3</sub>N<sub>4</sub>&nbsp;underwent a pressure-induced amorphization (PIA) from graphite to amorphous phase at 17 GPa. Under high pressure, the PL of N-deficient g-C<sub>3</sub>N<sub>4</sub>&nbsp;changed from yellow to red, and the minimum band gap reaches 1.70 eV.</p>

<p style=""text-align:start"">The narrowed band gap enhanced light absorption in the visible range and increased the photocurrent in visible light from 18 nA to 29 nA. When the applied pressure was higher than the PIA transition pressure, a narrow band gap could still be maintained at ambient conditions, achieving a wide range of g-C<sub>3</sub>N<sub>4</sub>&nbsp;band gap engineering from 1.87 eV to 2.42 eV.</p>

<p style=""text-align:start"">This study provided a vacancy/defect assisted PIA strategy that could be used to design and regulate the band gap of materials, and improve photoelectric performance for a variety of applications under environmental conditions.</p>
",News Release,Peer-Reviewed Publication,2023-03-07 02:18:14,"Hefei Institutes of Physical Science, Chinese Academy of Sciences ",Non-Profit,China,/Physical sciences,,,2,0,0,,Physical Review Applied,,,,,Pressure-Optimized Band Gap and Enhanced Photoelectric Response of Graphitic Carbon Nitride with Nitrogen Vacancies,,,,2023-03-07
981898,10.1364/oe.483123,"Hefei Institutes of Physical Science, Chinese Academy of Sciences",High-resolution oxygen-corrected laser heterodyne radiometer (LHR) for stratospheric and tropospheri,2023-01-30,2023-03-07,"Hefei Institutes of Physical Science, Chinese Academy of Sciences",fuzzy_title,D,90.09009009009009,2023,2023,981898,High-resolution laser heterodyne spectroscopy developed for wind field detection,,"A research team led by professor GAO Xiaoming from Hefei Institutes of Physical Science (HFIPS) of Chinese Academy of Sciences (CAS) developed a near-infrared (NIR) dual-channel oxygen-corrected laser heterodyne radiometer (LHR) in the ground-based solar occultation mode recently, which was for measuring vertical profile of wind field in the troposphere and low stratosphere.","<p>A research team led by professor GAO Xiaoming from Hefei Institutes of Physical Science (HFIPS) of Chinese Academy of Sciences (CAS) developed a near-infrared (NIR) dual-channel oxygen-corrected laser heterodyne radiometer (LHR) in the ground-based solar occultation mode recently, which was for measuring vertical profile of wind field in the troposphere and low stratosphere.</p>

<p>The result has published in&nbsp;<em>Optics Express</em>.</p>

<p>The LHR has a high spectral resolution, which can effectively detect slight Doppler frequency shifts caused by the wind field. Combining the atmospheric transmission spectrum, the LHR can obtain vertical profiles of horizontal winds and atmospheric column concentrations along the line of sight through spectral inversion.</p>

<p>In this study, the team designed a near-infrared laser heterodyne spectrometer based on oxygen correction, and measured the atmospheric O<sub>2</sub>&nbsp;and CO<sub>2</sub>&nbsp;transmission spectra.</p>

<p>Using the constrained Nelder-Mead simplex method based on the atmospheric O<sub>2</sub>&nbsp;transmission spectrum, they corrected the atmospheric temperature and pressure distribution, and combined the optimal estimation algorithm to invert the vertical profile of the atmospheric wind field with an accuracy of approximately &plusmn;2.5 m/s.</p>

<p>The research results show that oxygen-corrected LHR, as a portable and miniaturized measuring instrument, has broad application potential in wind field detection.</p>
",News Release,Peer-Reviewed Publication,2023-03-07 02:48:13,"Hefei Institutes of Physical Science, Chinese Academy of Sciences ",Non-Profit,China,/Physical sciences,,,2,0,0,,Optics Express,,,,,High-resolution oxygen-corrected laser heterodyne radiometer (LHR) for stratospheric and tropospheric wind field detection,,,,2023-03-07
983116,10.1017/s147355042300006x,University of Tokyo,Solid grains ejected from terrestrial exoplanets as a probe of the abundance of life in the Milky Wa,2023-03-22,2023-03-22,University of Tokyo,fuzzy_title,D,99.50248756218906,2023,2023,983116,Searching for life with space dust,A proposed way to search for alien life using tiny rocks ejected from other worlds,"Following enormous collisions, such as asteroid impacts, some amount of material from an impacted world may be ejected into space. This material can travel vast distances and for extremely long periods of time. In theory this material could contain direct or indirect signs of life from the host world, such as fossils of microorganisms. And this material could be detectable by humans in the near future, or even now.","<p style=""text-align:justify"">Following enormous collisions, such as asteroid impacts, some amount of material from an impacted world may be ejected into space. This material can travel vast distances and for extremely long periods of time. In theory this material could contain direct or indirect signs of life from the host world, such as fossils of microorganisms. And this material could be detectable by humans in the near future, or even now.</p>

<p style=""text-align:justify"">When you hear the words vacuum and dust in a sentence, you may groan at the thought of having to do the housework. But in astronomy, these words have different connotations. Vacuum of course refers to the void of space. Dust, however, means diffuse solid material floating through space. It can be an annoyance to some astronomers as it may hinder their views of some distant object. Or dust could be a useful tool to help other astronomers learn about something distant without having to leave the safety of our own planet. Professor Tomonori Totani from the University of Tokyo&rsquo;s Department of Astronomy has an idea for space dust that might sound like science fiction but actually warrants serious consideration.</p>

<p style=""text-align:justify"">&ldquo;I propose we study well-preserved grains ejected from other worlds for potential signs of life,&rdquo; said Totani. &ldquo;The search for life outside our solar system typically means a search for signs of communication, which would indicate intelligent life but precludes any pre-technological life. Or the search is for atmospheric signatures that might hint at life, but without direct confirmation there could always be an explanation that does not require life. However, if there are signs of life in dust grains, not only could we be certain, but we could also find out soon.&rdquo;</p>

<p style=""text-align:justify"">The basic idea is that large asteroid strikes can eject ground material into space. There is a chance that recently deceased or even fossilized microorganisms could be contained in some rocky material in this ejecta. This material will vary in size greatly, with different-sized pieces behaving differently once in space. Some larger pieces might fall back down or enter permanent orbits around a local planet or star. And some much smaller pieces might be too small to contain any verifiable signs of life. But grains in the region of 1 micrometer (one-thousandth of a millimeter) could not only host a specimen of a single-celled organism, but they could also potentially escape their host solar system altogether, and under the right circumstances, maybe even venture to ours.</p>

<p style=""text-align:justify"">&ldquo;My paper explores this idea using available data on the different aspects of this scenario,&rdquo; said Totani. &ldquo;The distances and times involved can be vast, and both reduce the chance any ejecta containing life signs from another world could even reach us. Add to that the number of phenomena in space that can destroy small objects due to heat or radiation, and the chances get even lower. Despite that, I calculate around 100,000 such grains could be landing on Earth every year. Given there are many unknowns involved, this estimate could be too high or too low, but the means to explore it already exist so it seems like a worthwhile pursuit.&rdquo;</p>

<p style=""text-align:justify"">There may be such grains already on Earth, and in plentiful amounts, preserved in places such as the Antarctic ice, or under the seafloor. Space dust in these places could be retrieved relatively easily, but discerning extrasolar material from material originating in our own solar system is still a complex matter. If the search is extended to space itself, however, there are already missions that capture dust in the vacuum using ultralight materials called aerogels.</p>

<p style=""text-align:justify"">&ldquo;I hope that researchers in different fields are interested in this idea and start to examine the feasibility of this new search for extrasolar life in more detail.&rdquo; said Totani.</p>

<p style=""text-align:center"">###</p>

<p>Journal article: Tomonori Totani. <em>&ldquo;Solid grains ejected from terrestrial exoplanets as a probe of the abundance of life in the Milky Way</em>&rdquo;, International Journal of Astrobiology.<br />
DOI: 10.48550/arXiv.2210.07084</p>

<p style=""text-align:justify"">Funding:<br />
KAKENHI (grant from MEXT) No. 18K03692.</p>

<p>Useful links:<br />
Graduate School of Science - <a href=""https://www.s.u-tokyo.ac.jp/en/"">https://www.s.u-tokyo.ac.jp/en/</a><br />
Department of Astronomy - <a href=""http://www.astron.s.u-tokyo.ac.jp/en/"">http://www.astron.s.u-tokyo.ac.jp/en/</a><br />
Institute of Astronomy - <a href=""http://www.ioa.s.u-tokyo.ac.jp/en/"">http://www.ioa.s.u-tokyo.ac.jp/en/</a></p>

<p>Research contact:<br />
Professor Tomonori Totani<br />
Department of Astronomy, The University of Tokyo,<br />
7-3-1 Hongo, Bunkyo-ku, Tokyo, 113-0033, Japan<br />
<a href=""mailto:totani@astron.s.u-tokyo.ac.jp"">totani@astron.s.u-tokyo.ac.jp</a></p>

<p>Press contact:<br />
Mr. Rohan Mehra<br />
Public Relations Group, The University of Tokyo,<br />
7-3-1 Hongo, Bunkyo-ku, Tokyo, 113-8656, Japan<br />
<a href=""mailto:press-releases.adm@gs.mail.u-tokyo.ac.jp"">press-releases.adm@gs.mail.u-tokyo.ac.jp</a></p>

<p>About The University of Tokyo<br />
The University of Tokyo is Japan&#39;s leading university and one of the world&#39;s top research universities. The vast research output of some 6,000 researchers is published in the world&#39;s top journals across the arts and sciences. Our vibrant student body of around 15,000 undergraduate and 15,000 graduate students includes over 4,000 international students. Find out more at www.u-tokyo.ac.jp/en/ or follow us on Twitter at @UTokyo_News_en.</p>
",News Release,Peer-Reviewed Publication,2023-03-22 09:00:00,University of Tokyo,Non-Profit,Japan,/Physical sciences/Physics/Astrophysics/Intergalactic space/Interstellar space/Cosmic dust,"/Space sciences/Astronomy/Celestial bodies/Asteroids, /Life sciences/Microbiology/Microorganisms, /Physical sciences/Physics/Condensed matter physics/Vacuum, /Space sciences/Space exploration",,2,0,0,,International Journal of Astrobiology,,10.48550/arXiv.2210.07084,Not applicable,Data/statistical analysis,Solid grains ejected from terrestrial exoplanets as a probe of the abundance of life in the Milky Way,,10.48550/arXiv.2210.07084,10.48550/arxiv.2210.07084,2023-03-22
983717,10.1109/apec43580.2023.10131322,University of Tokyo,Digital Gate Driver IC with Fully Integrated Automatic Timing Control Function in Stop-and-Go Gate D,2023-03-19,2023-03-22,University of Tokyo,fuzzy_title,D,91.58878504672897,2023,2023,983717,Like flipping the switch,,Researchers at The University of Tokyo show how large electrical currents can be reliably controlled using a gate driver integrated circuit for an insulated-gate bipolar transistor with a timing mechanism. This device can be reprogrammed for use in a wide variety of industrial applications.,"<p>Tokyo, Japan &ndash; Many homes have electronic timers for automatically turning lights on or off automatically the same time each day. However, the precise control of larger electrical devices requires more sophisticated electronics. Scientists from the Institute of Industrial Science at The University of Tokyo have successfully developed a programmable gate driver for solid-state electronic transistor switches, and using empirical tests, show that their device showed reduced switching loss even under changes in input current and temperature fluctuations.</p>

<p>Insulated-gate bipolar transistors (IGBTs) are semiconductor electronic elements that can be used in rapid electronic switches of high-powered devices. Because they can control electric loads up to hundreds of kilowatts, IGBTs are suitable for operating of power supplies, traction motors, or induction heaters. In addition, owing to their ability to switch on and off quickly, IGBTs can also be used for control systems in industrial applications. However, these switches can experience switching loss based on variations in the input current or temperature. Creating a device with automatic timing would help improve the reliability of these systems.</p>

<p>Now, the team of researchers at The University of Tokyo has developed the first active digital gate driver integrated circuit (IC) with a fully integrated automatic timing control function that achieves both single-chip integration and real-time control. &ldquo;Our IC includes the world&rsquo;s first 6-bit programmable gate with closed-loop active gate drivers,&rdquo; first author Dibo Zhang says.</p>

<p>An important feature of the IC was the inclusion of real-time automatic control functions on a single chip. This is done by detecting the rate of change of the current as a function of time by sensing the voltage of the parasitic inductance, which is an unavoidable effect present in electronic devices. The research team tested the performance of the new device over a wide range of temperatures. Their single-chip integration of a timing mechanism allowed for lower cost while maintaining precise control. The fact that it remained stable under fluctuating operating conditions allowed a single programmable device to replace a collection of different products optimized for different situations.</p>

<p>&ldquo;Being able to provide programmable, real-time control at low cost should hasten adoption of this type of device,&rdquo; says Makoto Takamiya, senior author. This work may lead to more flexible and reliable control of large electrical currents, and future designs may be extended to include more complex programming features.</p>

<p style=""text-align:center"">###</p>

<p>The article, &ldquo;Digital Gate Driver IC with Fully Integrated Automatic Timing Control Function in Stop-and-Go Gate Drive for IGBTs&rdquo; was presented at IEEE Applied Power Electronics Conference and Exposition (APEC).</p>

<p style=""text-align:justify"">&nbsp;</p>

<p style=""text-align:justify""><strong>About Institute of Industrial Science, The University of Tokyo</strong></p>

<p style=""text-align:justify"">The Institute of Industrial Science, The University of Tokyo (UTokyo-IIS) is one of the largest university-attached research institutes in Japan. UTokyo-IIS is comprised of over 120 research laboratories&mdash;each headed by a faculty member&mdash;and has over 1,200 members (approximately 400 staff and 800 students) actively engaged in education and research. Its activities cover almost all areas of engineering. Since its foundation in 1949, UTokyo-IIS has worked to bridge the huge gaps that exist between academic disciplines and real-world applications.</p>
",News Release,Reports and Proceedings,2023-03-22 21:00:31,"Institute of Industrial Science, The University of Tokyo",Non-Profit,Japan,/Applied sciences and engineering/Engineering,"/Applied sciences and engineering/Engineering/Electrical engineering/Electronics/Electronic devices, /Applied sciences and engineering/Engineering/Electrical engineering/Electronics, /Applied sciences and engineering/Engineering/Electrical engineering/Electronics/Electrical conductors/Semiconductors, /Applied sciences and engineering/Engineering/Electrical engineering/Electronics/Electrical conductors/Semiconductors/Heterostructures, /Applied sciences and engineering/Engineering/Electrical engineering/Electronics/Electronic circuits, /Applied sciences and engineering/Engineering/Electrical engineering/Electronics/Electronic circuits/Integrated circuits, /Applied sciences and engineering/Engineering/Electrical engineering/Electronics/Electronic circuits/Circuit design, /Applied sciences and engineering/Engineering/Electrical engineering/Electronics/Electronic circuits/Digital electronics",japanese,1,0,0,IEEE Applied Power Electronics Conference and Exposition (APEC),,,,,,Digital Gate Driver IC with Fully Integrated Automatic Timing Control Function in Stop-and-Go Gate Drive for IGBTs,,,,2023-03-22
985275,10.1093/pasj/psac088,University of Tokyo,Investigation of mid-infrared long-term variability of dusty AGB stars using multi-epoch scan data o,2023-04-06,2023-04-06,University of Tokyo,fuzzy_title,D,92.09302325581396,2023,2023,985275,Twinkling stars fuel interstellar dust,Stars with variable luminosity found to influence supply of dust that made life,"Of the many different kinds of stars, asymptotic giant branch (AGB) stars, usually slightly larger and older than our own sun, are known producers of interstellar dust. Dusty AGBs are particularly prominent producers of dust, and the light they shine happens to vary widely. For the first time, a long-period survey has found the variable intensity of dusty AGBs coincides with variations in the amount of dust these stars produce. As this dust can lead to the creation of planets, its study can shed light on our own origins.","<p style=""text-align:justify"">Of the many different kinds of stars, asymptotic giant branch (AGB) stars, usually slightly larger and older than our own sun, are known producers of interstellar dust. Dusty AGBs are particularly prominent producers of dust, and the light they shine happens to vary widely. For the first time, a long-period survey has found the variable intensity of dusty AGBs coincides with variations in the amount of dust these stars produce. As this dust can lead to the creation of planets, its study can shed light on our own origins.</p>

<p style=""text-align:justify"">You&rsquo;ve probably heard of the James Webb Space Telescope (JWST) which has been in the news lately. It&rsquo;s famous for being the largest and most sensitive space telescope designed to observe infrared (IR) light. But long before the JWST took to the skies, two other IR space telescopes, AKARI and WISE, have been surveying the cosmos, both of which have ended their initial missions, but produced so much valuable data that astronomers are still finding new discoveries with it. The latest finding from that data by doctoral student Kengo Tachibana from the University of Tokyo&rsquo;s Institute of Astronomy and his team, could have implications for the study of the origins of life itself.</p>

<p style=""text-align:justify"">&ldquo;We study stars, and IR light from them is a key source of information that helps us unlock their secrets,&rdquo; said Tachibana. &ldquo;Until recently, most IR data was from very short-period surveys due to the lack of advanced dedicated platforms. But missions like AKARI and WISE have allowed us to take longer-period surveys of things. This means we can see how things might change over greater time periods, and what these changes might imply. Lately, we turned our attention to a certain class of star known as asymptotic giant branch stars, which are interesting because they are the main producers of interstellar dust.&rdquo;</p>

<p style=""text-align:justify"">This interstellar dust is not the same stuff that accumulates on your floor when you forget to vacuum for a few days; it&rsquo;s a name given to heavy elements that disperse from stars and lead to the formation of solid objects including planets. Although it&rsquo;s long been known that AGBs, and especially so-called dusty AGBs, are the main producers of dust, it&rsquo;s not known what the main drivers of dust production are and where we should be looking to find this out.</p>

<p style=""text-align:justify"">&ldquo;Our latest study has pointed us in the right direction,&rdquo; said Tachibana. &ldquo;Thanks to long-period IR observations, we have found that the light from dusty AGBs varies with periods longer than several hundred days. We also found that the spherical shells of dust produced by and then ejected by these stars have concentrations of dust that vary in step with the stars&rsquo; changes in luminosity. Of the 169 dusty AGBs surveyed, no matter their variability period, the concentrations of dust around them would coincide. So, we&rsquo;re certain these are connected.&rdquo;</p>

<p style=""text-align:justify"">Finding a connection between the concentration of dust and the variability of stars&rsquo; brightness is just the first step in this investigation however. Now the team wishes to explore the possible physical mechanisms behind the production of dust. For this, they intend to monitor various AGB stars for many years continuously. The University of Tokyo is nearing completion of a large ground-based telescope project, the University of Tokyo Atacama Observatory, in Chile, which will be dedicated to making infrared observations.</p>

<p style=""text-align:center"">###</p>

<p style=""text-align:justify"">Journal article</p>

<p style=""text-align:justify"">Kengo TACHIBANA, Takashi MIYATA, Takafumi KAMIZUKA, Ryou OHSAWA, Satoshi TAKITA, Akiharu NAKAGAWA, Yoshifusa ITA and Mizuho UCHIYAMA, &ldquo;<em>Investigation of mid-infrared long-term variability of dusty AGB stars using multiepoch scan data of AKARI and WISE</em>&rdquo;, Publications of the Astronomical Society of Japan, <strong>DOI</strong></p>

<p style=""text-align:justify"">&nbsp;</p>

<p style=""text-align:justify"">Funding<br />
This work was supported by JST SPRING, Grant Number JPMJSP2108.</p>

<p style=""text-align:justify"">&nbsp;</p>

<p>Useful links<br />
Graduate School of Science - https://www.s.u-tokyo.ac.jp/en/<br />
Institute of Astronomy - http://www.ioa.s.u-tokyo.ac.jp/en/</p>

<p>Research contacts<br />
Kengo Tachibana - kengo-tachibana@ioa.s.u-tokyo.ac.jp<br />
Institute of Astronomy, The University of Tokyo,<br />
2-21-1 Osawa, Mitaka, Tokyo 181-0015, JAPAN</p>

<p>&nbsp;</p>

<p style=""text-align:justify"">Press Contact</p>

<p style=""text-align:justify"">Mr. Rohan Mehra - <a href=""mailto:press-releases.adm@gs.mail.u-tokyo.ac.jp"">press-releases.adm@gs.mail.u-tokyo.ac.jp</a></p>

<p style=""text-align:justify"">Division for Strategic Public Relations, The University of Tokyo</p>

<p style=""text-align:justify"">7-3-1 Hongo, Bunkyo-ku, Tokyo 113-8654, JAPAN</p>

<p style=""text-align:justify"">&nbsp;</p>

<p style=""text-align:justify"">About the University of Tokyo</p>

<p style=""text-align:justify"">The University of Tokyo is Japan&#39;s leading university and one of the world&#39;s top research universities. The vast research output of some 6,000 researchers is published in the world&#39;s top journals across the arts and sciences. Our vibrant student body of around 15,000 undergraduate and 15,000 graduate students includes over 4,000 international students. Find out more at www.u-tokyo.ac.jp/en/ or follow us on Twitter at @UTokyo_News_en.</p>
",News Release,Peer-Reviewed Publication,2023-04-06 15:00:00,University of Tokyo,Non-Profit,Japan,/Space sciences/Astronomy/Observational astronomy,"/Space sciences/Space technology/Artificial satellites/Space telescopes, /Space sciences/Astronomy/Celestial bodies/Stars/Sun, /Physical sciences/Physics/Energy/Radiation/Infrared radiation",,2,0,0,,Publications of the Astronomical Society of Japan,,,Not applicable,Observational study,Investigation of mid-infrared long-term variability of dusty AGB stars using multiepoch scan data of AKARI and WISE,,,,2023-04-06
987134,10.1016/j.aca.2023.341030,"Hefei Institutes of Physical Science, Chinese Academy of Sciences",Mkit: A mobile nucleic acid assay based on a chitosan-modified minimalistic microfluidic chip (CM3-c,2023-03-15,2023-04-24,"Hefei Institutes of Physical Science, Chinese Academy of Sciences",fuzzy_title,D,91.32420091324201,2023,2023,987134,Microfluidic real-time detection equipment developed for pathogen nucleic acid,,"Recently, the biomedical optics research team in Anhui Institute of Optics and Fine Mechanics, Hefei Institutes of Physical Science of Chinese Academy of Sciences (CAS), developed a device for on-site immediate detection of pathogen nucleic acid.","<p>Recently, the biomedical optics research team in Anhui Institute of Optics and Fine Mechanics, <a href=""http://english.hf.cas.cn/"">Hefei Institutes of Physical Science</a> of Chinese Academy of Sciences (CAS), developed a device for on-site immediate detection of pathogen nucleic acid.</p>

<p>The research results were published in&nbsp;<em>Analytica Chimica Acta</em>.</p>

<p>Microfluidic chips have been widely used in the nucleic acid detection of pathogens. The chips often use magnetic beads or silica gel films with high specific surface area to adsorb nucleic acid, but it may also lead to more residual fluid release agents and impurities. Therefore, microfluidic chips usually need to integrate multiple reagent storage tubes and perform fluid control in combination with microvalves and micropumps, to realize nucleic acid extraction and impurity cleaning. The complicated structure increases the complexity of the preparation process and supporting detection equipment of microfluidic chips.</p>

<p>In this study, the mobile kit (Mkit) consisted of a chitosan-modified minimalistic microfluidic chip (CM<sup>3</sup>-chip) and smartphone, which realized the point-of-care testing of the nucleic acid of pathogens.</p>

<p>The lumen wall of CM<sup>3</sup>-chip was modified with chitosan. Under acidic pH conditions, the primary amine in chitosan (pKa = 6.2 to 7.0) was positively charged. The Hofmeister effect showed that protonated amines were more likely to bond to negatively charged nucleic acids than other ions through the electrostatic interactions. CM<sup>3</sup>-chip could be directly amplified in situ after the enrichment of nucleic acid. Smartphones were used to control the whole process of detection, including temperature control, image acquisition, data processing and result analysis.</p>

<p>Mkit offered various advantages over traditional methods, including no centrifugation, no complex cleaning, no magnet attachment, and high sensitivity. The universality, selectivity and user friendliness of the detection equipment were verified through a series of biological experiments.</p>

<p>The detection equipment is universally applicable, selective, and user-friendly, as demonstrated by its successful use in identifying respiratory infectious agents with similar clinical symptoms. To further confirm its clinical diagnostic potential, artificially prepared saliva samples of H5N6 and IAV infections were also successfully detected using Mkit.</p>
",News Release,Peer-Reviewed Publication,2023-04-24 08:15:35,"Hefei Institutes of Physical Science, Chinese Academy of Sciences ",Non-Profit,China,/Physical sciences,,,1,0,0,,Analytica Chimica Acta,,,,,Mkit: A mobile nucleic acid assay based on a chitosan-modified minimalistic microfluidic chip (CM3-chip) and smartphone,,,,2023-04-24
987068,10.1002/adma.202208800,"Hefei Institutes of Physical Science, Chinese Academy of Sciences",Origin of the Anomalous Electrical Transport Behavior in Fe‐Intercalated Weyl Semimetal T<sub>d</sub,2023-01-24,2023-04-24,"Hefei Institutes of Physical Science, Chinese Academy of Sciences",fuzzy_title,D,90.81632653061224,2023,2023,987068,Electronic phase diagram established in Fe intercalated Weyl semimetal Td-MoTe2 for the first time,,"According to research published in Advanced Materials recently, a team led by Prof. LUO Xuan from Hefei Institutes of Physical Science (HFIPS), Chinese Academy of Sciences (CAS) made a breakthrough in tunning electronic properties of Weyl Semimetal Td-MoTe2 by intercalating 3d-element Fe atoms into the van der Waals (vdW) gap, which brought about exotic electronic behaviors as well as the first-time observed magnetic states in the topologically nontrivial Td phase.","<p>According to research published in <em>Advanced Materials</em> recently, a team led by Prof. LUO Xuan from Hefei Institutes of Physical Science (HFIPS), Chinese Academy of Sciences (CAS) made a breakthrough in tunning electronic properties of Weyl Semimetal T<sub>d</sub>-MoTe<sub>2</sub> by intercalating 3d-element Fe atoms into the van der Waals (vdW) gap, which brought about exotic electronic behaviors as well as the first-time observed magnetic states in the topologically nontrivial Td phase.</p>

<p>The layered materials Weyl Semimetal T<sub>d</sub>-MoTe<sub>2</sub> has attracted tremendous attention due to its abundant valuable properties including superconductivity, extreme large magnetoresistance, as well as topologically nontrivial band structure, making it an ideal hunting ground for exploring new physics and a promising candidate for fabricating new electronic devices. Different ways have been used to controllably manipulate the electronic properties of T<sub>d</sub>-MoTe<sub>2</sub>, such as pressure, chemical substitution, low-dimensionality by mechanical exfoliation, but the research on the intercalation of transition-metal elements in Weyl semimetal T<sub>d</sub>-MoTe<sub>2</sub> is still absent.</p>

<p>In this research, by improving the single crystal growth process, the 3d-element Fe intercalated T<sub>d</sub>-FexMoTe<sub>2</sub> samples were obtained. The team carried on systematic electrical, thermoelectric transport and ac susceptibility measurements, and studied the tunning effect of Fe intercalations in the system.</p>

<p>They found that the 1T&#39; to Td phase transition temperature (TS) of MoTe<sub>2</sub> was gradually decreased with the increase of Fe intercalation, which was confirmed by different characterization results. Theoretical calculation suggested that the increased energy of Td phase, enhanced transition barrier and more occupied bands in 1T&rsquo; phase were responsible for this phenomenon.</p>

<p>In addition, a &rho;&prop;-ln T behavior induced by Kondo effect was observed with x &ge; 0.08, due to the coupling between conduction carriers and the local magnetic moments of intercalated Fe atoms. A spin-glass transition occurred at about 10K in T<sub>d</sub>-Fe<sub>0.15</sub>MoTe<sub>2</sub>. The electronic phase diagram of T<sub>d</sub>-Fe<sub>x</sub>MoTe<sub>2</sub> was established for the first time.</p>

<p>This research enriched the physical properties of Weyl Semimetal T<sub>d</sub>-MoTe<sub>2</sub> by 3d-element intercalation, and also provided an ideal platform for in-depth understanding the correlation between the ground states and the interlayer coupling in layered the transition metal dichalcogenides (TMDCs).</p>
",News Release,Peer-Reviewed Publication,2023-04-24 08:56:50,"Hefei Institutes of Physical Science, Chinese Academy of Sciences ",Non-Profit,China,/Physical sciences,,,1,0,0,,Advanced Materials,,,,,Origin of the Anomalous Electrical Transport Behavior in Fe-Intercalated Weyl Semimetal Td-MoTe2,,,,2023-04-24
987208,10.1021/acs.nanolett.3c00404,"Hefei Institutes of Physical Science, Chinese Academy of Sciences",Extending Plasmonic Enhancement Limit with Blocked Electron Tunneling by Monolayer Hexagonal Boron N,2023-03-30,2023-04-25,"Hefei Institutes of Physical Science, Chinese Academy of Sciences",fuzzy_title,D,97.0873786407767,2023,2023,987208,Monolayer hexagonal boron nitride can extend plasmonic enhancement limit,,"A research team led by Prof. YANG Liangbao from Hefei Institutes of Physical Science, Chinese Academy of Sciences found that hexagonal boron nitride (h-BN) could effectively block electron tunneling and extend the ultimate plasmonic enhancement limits in a single-atom-layer gap, providing deep insights into quantum mechanical effects in plasmonic systems and enabling potential novel applications based on quantum plasmonics.","<p>A research team led by Prof. YANG Liangbao&nbsp;from <a href=""http://english.hf.cas.cn/"">Hefei Institutes of Physical Science</a>, Chinese Academy of Sciences&nbsp;found that hexagonal boron nitride (h-BN) could effectively block electron tunneling and extend the ultimate plasmonic enhancement limits in a single-atom-layer gap, providing deep insights into quantum mechanical effects in plasmonic systems and enabling potential novel applications based on quantum plasmonics.</p>

<p>The results were published in <em>Nano Letters</em>.</p>

<p>The team have been working on developing surface-enhanced Raman spectroscopy (SERS) detection methods for years and found that the near-field intensity distribution in the nanometer scale is uneven. To achieve greater electromagnetic enhancement, they used adjacent metal nano-gaps but noticed that reducing their size leads to the emergence of quantum tunneling effect, making it disadvantageous for SERS detection.</p>

<p>To overcome this, the team introduced a high tunneling barrier formed by monolayer h-BN, actively blocking the electron tunneling effect. They quantitatively detected the final near-field enhancement limit in the classical framework by detecting the intrinsic SERS intensity of h-BN in a single particle cavity.</p>

<p>The study proved that monolayer h-BN blocks the electron tunneling using hot electron tunneling quantum computation and layer-dependent scattering spectrum experiments. By comparing the experimental results with the calculated results of the classical electromagnetic model and the quantum correction model, the team realized the final near-field enhancement limit detection within the classical framework.</p>

<p>This work provides important guidance for quantum plasmology and nano-gap photodynamics, helping to further analyze quantum mechanical effects in plasma enhancement. These findings are published in the top international journal <em>Nano Letters</em> and selected as the cover of the current issue.</p>
",News Release,Peer-Reviewed Publication,2023-04-25 01:15:45,"Hefei Institutes of Physical Science, Chinese Academy of Sciences ",Non-Profit,China,/Physical sciences,,,2,0,0,,Nano Letters,,,,,Extending Plasmonic Enhancement Limit with Blocked Electron Tunneling by Monolayer Hexagonal Boron Nitride,,,,2023-04-25
987210,10.1016/j.snb.2023.133595,"Hefei Institutes of Physical Science, Chinese Academy of Sciences",Laser-generated defect-rich MnOx nanobelts with high oxidase mimic activity for glutathione detectio,2023-03-01,2023-04-25,"Hefei Institutes of Physical Science, Chinese Academy of Sciences",fuzzy_title,D,99.50248756218906,2023,2023,987210,Defect-rich MnOx nanobelts prepared for glutathione detection in recent study,,"A recent study published in Sensors and Actuators: B. Chemical highlights the development of highly active oxidase mimics using MnOx nanobelts (NBs) generated through laser irradiation in liquid (LIL) techniques by researchers from Institute of Solid State Physics, Hefei Institute of Physical Sciences, Chinese Academy of Sciences.","<p>A recent study published in <em>Sensors and Actuators: B. Chemical</em> highlights the development of highly active oxidase mimics using MnOx nanobelts (NBs) generated through laser irradiation in liquid (LIL) techniques by researchers from Institute of Solid State Physics, Hefei Institute of Physical Sciences, Chinese Academy of Sciences.</p>

<p>Although nanozymes with oxidase mimic activity have shown promise for biomarker sensing, their lower activity compared to natural enzymes has constrained their wider application.</p>

<p>In this research, the team identified that MnOx NBs with an ultrathin layered structure improve catalytic active site exposure and the negative charge layer of birnessite-type MnOx NBs enhances affinity for positive substrates such as 3,3&#39;,5,5&#39;-tetramethylbenzidine (TMB).</p>

<p>Significantly, oxygen vacancies created via laser irradiation reduced the adsorption energy of the MnOx NBs for oxygen, resulting in excellent substrate affinity (Km = 0.0087 mM) and high catalytic rate (Vmax = 6.04 &times; 10-7 M/s).</p>

<p>Furthermore, glutathione (GSH) inhibition of Nanozymes with oxidase (OXD) mimics was exploited in the establishment of a fast and highly sensitive method for GSH determination.</p>

<p>These findings may provide new strategies for synthesizing highly active nanozymes for biomarker applications.</p>
",News Release,Peer-Reviewed Publication,2023-04-25 01:46:29,"Hefei Institutes of Physical Science, Chinese Academy of Sciences ",Non-Profit,China,/Physical sciences,,,1,0,0,,Sensors and Actuators B Chemical,Sensors and Actuators: B. Chemical,,,,Laser-generated defect-rich MnOx nanobelts with high oxidase mimic activity for glutathione detection,,,,2023-04-25
988232,10.1016/j.gendis.2023.02.017,"Hefei Institutes of Physical Science, Chinese Academy of Sciences",Characterization of somatic mutations of colorectal tumor in a patient with concurrent APC and MLH1,2023-03-27,2023-05-04,"Hefei Institutes of Physical Science, Chinese Academy of Sciences",fuzzy_title,D,91.24423963133641,2023,2023,988232,Study reveals somatic mutation profile of colorectal tumor with simultaneous APC and MLH1 germline mutations,,"Recently, a collaborated research group from Hefei Institutes of Physical Science (HFIPS) of Chinese Academy of Sciences (CAS) and The Second Hospital of Anhui Medical University dissected, for the first time, the somatic mutation profile of familial colorectal cancer with the coinheritance of mutations in both APC and MLH1 genes.","<p>Recently, a collaborated research group from Hefei Institutes of Physical Science (HFIPS) of Chinese Academy of Sciences (CAS) and The Second Hospital of Anhui Medical University dissected, for the first time, the somatic mutation profile of familial colorectal cancer with the coinheritance of mutations in both&nbsp;<em>APC</em>&nbsp;and&nbsp;<em>MLH1</em>&nbsp;genes.</p>

<p>The results were published&nbsp;in&nbsp;<em>Genes &amp; Diseases</em>.</p>

<p>Inherited mutations in cancer susceptibility genes account for about 10% of all cases of colorectal cancer. Germline mutations in the&nbsp;<em>APC</em>&nbsp;gene and the mismatch repair genes (<em>MLH1</em>,&nbsp;<em>MSH2</em>,&nbsp;<em>MSH6</em>, and&nbsp;<em>PMS2</em>) cause the most frequent forms of hereditary colorectal cancer, familial adenomatous polyposis and Lynch syndrome, respectively. It is highly unusual for simultaneous mutations in both the&nbsp;<em>APC</em>&nbsp;and mismatch repair genes to cause hereditary colorectal cancer.</p>

<p>In this research, through whole exome sequencing, researchers found that a 20-year-old patient with colon cancer and multiple polyposis harbors germline mutations in both the&nbsp;<em>APC</em>&nbsp;and&nbsp;<em>MLH1</em>&nbsp;genes. The team of researchers dug deeper into the nature of the somatic mutations present in the patient&#39;s colorectal cancer. The significant mutation levels of C-T transitions and 5+ base Indels predominated in the patient&#39;s colorectal tumor, indicating a high somatic mutation burden. Additionally, the single-nucleotide substitution mutational signature in the patient&#39;s colorectal tumor matched the COSMIC signature 1, which is correlated with increasing age at cancer diagnosis. Other matched mutational signatures (signatures 6, 26 and 97) were linked to defective DNA mismatch repair.. The colorectal tumor featured many Indel mutations similar to COSMIC signature ID8, which is similarly correlated with increasing age at cancer diagnosis.</p>

<p>This study for the first time reported the somatic mutational profile of colorectal tumor with concurrent&nbsp;<em>APC</em>&nbsp;and&nbsp;<em>MLH1</em>&nbsp;germline mutations. The simultaneous germline mutations in&nbsp;<em>APC</em>&nbsp;and&nbsp;<em>MLH1</em>&nbsp;genes could accelerate the genome instability, thereby fostering early tumor onset and rapid tumor progression.</p>
",News Release,Peer-Reviewed Publication,2023-05-04 08:10:14,"Hefei Institutes of Physical Science, Chinese Academy of Sciences ",Non-Profit,China,/Life sciences,,,1,0,0,,Genes & Diseases,Genes & Diseases,,,,Characterization of somatic mutations of colorectal tumor in a patient with concurrent APC and MLH1 germline mutations,,,,2023-05-04
989109,10.1002/adom.202300316,"Hefei Institutes of Physical Science, Chinese Academy of Sciences",Semiconductor–Semimetal Transition‐Driven Photocurrent Spurt and Infrared Band Response in Lead Iodi,2023-04-23,2023-05-12,"Hefei Institutes of Physical Science, Chinese Academy of Sciences",fuzzy_title,D,90.41095890410959,2023,2023,989109,Scientists discover semi-metallization and novel photoelectric behavior in lead iodide under high pressure,,"Accoding to a research published in Advanced Optical Materials, Prof. DING Junfeng and his team at the Institute of Solid State Physics, Hefei Institutes of Physical Science, Chinese Academy of Sciences, reveals that semiconductor PbI2 undergoes a transition to a semimetallic state when subjected to pressure. This transition is accompanied by the enhancement of photoelectric properties as well as the spectral response range expanded to infrared band.","<p>Accoding to a research published in&nbsp;<em>Advanced Optical Materials</em>, Prof. DING Junfeng and his team at the Institute of Solid State Physics, Hefei Institutes of Physical Science, Chinese Academy of Sciences, reveals that semiconductor PbI<sub>2</sub>&nbsp;undergoes a transition to a semimetallic state when subjected to pressure. This transition is accompanied by the enhancement of photoelectric properties as well as the spectral response range expanded to infrared band.</p>

<p>PbI<sub>2</sub>&nbsp;is a versatile semiconductor with applications in X-ray and gamma ray detection, as well as perovskite solar cell development. By compressing the lattice constants and inducing structural transition, the employment of hydrostatic pressure can be used to modify structural and electronic properties. Therefore, pressure may be an effective method to promote the photoelectric performance of PbI<sub>2</sub>.</p>

<p>In this study, researchers made a significant discovery regarding the behavior of PbI<sub>2</sub>&nbsp;under pressure.</p>

<p>The high-pressure absorption spectra of PbI<sub>2</sub>&nbsp;suggested that the electrical band was closed at the transition point, while the charge transport indicated that the sample remained not metallic. Non-metallic transport&nbsp;was well explained by the development of a semimetal phase at high pressure, as determined by first-principles calculations of the photocurrent spurt and infrared band response.<br />
The semiconductor-semimetal transition in PbI<sub>2</sub>&nbsp;was further confirmed by the notable decrease in lifetime to a few picoseconds in ultrafast spectroscopy under pressure. Moreover, the responding band expanded from visible light to the telecom wavelength of at least 1550 nm.</p>

<p>&quot;Our team employed several techniques to systematically investigate the behavior of PbI<sub>2</sub>&nbsp;under high pressure. Through our study, we were able to settle a long-standing controversy surrounding its high-pressure phase and identify inconsistencies between crystal and electronic transitions,&quot; explained CHENG Peng, the lead author of the paper. &quot;This research represents a detailed investigation into the electronic structure phase transition of PbI<sub>2</sub>&nbsp;under high pressure.&quot;</p>

<p>Pressure-induced semimetallization presented a new strategy for designing a high-performance photodetector with broadband response.</p>
",News Release,Peer-Reviewed Publication,2023-05-12 03:08:28,"Hefei Institutes of Physical Science, Chinese Academy of Sciences ",Non-Profit,China,/Physical sciences,,,3,0,0,,Advanced Optical Materials,,,,,Semiconductor–Semimetal Transition-Driven Photocurrent Spurt and Infrared Band Response in Lead Iodide at High Pressure,,,,2023-05-12
992009,10.1016/j.isci.2023.107000,University of Tokyo,First navigation with wireless muometric navigation system (MuWNS) in indoor and underground environ,2023-05-30,2023-06-15,University of Tokyo,fuzzy_title,D,97.0873786407767,2023,2023,992009,Navigating underground with cosmic-ray muons,New technology enables navigation in places GPS can’t reach ,"Superfast, subatomic-sized particles called muons have been used to wirelessly navigate underground in a reportedly world first. By using muon-detecting ground stations synchronized with an underground muon-detecting receiver, researchers at the University of Tokyo were able to calculate the receiver’s position in the basement of a six-story building. As GPS cannot penetrate rock or water, this new technology could be used in future search and rescue efforts, to monitor undersea volcanoes, and guide autonomous vehicles underground and underwater.","<p style=""text-align:justify"">Superfast, subatomic-sized particles called muons have been used to wirelessly navigate underground in a reportedly world first. By using muon-detecting ground stations synchronized with an underground muon-detecting receiver, researchers at the University of Tokyo were able to calculate the receiver&rsquo;s position in the basement of a six-story building. As GPS cannot penetrate rock or water, this new technology could be used in future search and rescue efforts, to monitor undersea volcanoes, and guide autonomous vehicles underground and underwater.</p>

<p style=""text-align:justify"">GPS, the global positioning system, is a well-established navigation tool and offers an extensive list of positive applications, from safer air travel to real-time location mapping. However, it has some limitations. GPS signals are weaker at higher latitudes and can be jammed or spoofed (where a counterfeit signal replaces an authentic one). Signals can also be reflected off surfaces like walls, interfered with by trees, and can&rsquo;t pass through buildings, rock or water.</p>

<p style=""text-align:justify"">By comparison, muons have been making headlines in recent years for their ability<em> </em>to help us look deep inside volcanoes, peek through pyramids and see inside cyclones. Muons fall constantly and frequently around the world (about 10,000 per square meter per minute) and can&rsquo;t be tampered with. &ldquo;Cosmic-ray muons fall equally across the Earth and always travel at the same speed regardless of what matter they traverse, penetrating even kilometers of rock,&rdquo; explained Professor Hiroyuki Tanaka from Muographix at the University of Tokyo. &ldquo;Now, by using muons, we have developed a new kind of GPS, which we have called the muometric positioning system (muPS), which works underground, indoors and underwater.&rdquo;</p>

<p style=""text-align:justify"">MuPS was initially created to help detect seafloor changes caused by underwater volcanoes or tectonic movement. It uses four muon-detecting reference stations aboveground to provide coordinates for a muon-detecting receiver underground. Early iterations of this technology required the receiver to be connected to a ground station by a wire, greatly restricting movement. However, this latest research uses high-precision quartz clocks to synchronize the ground stations with the receiver. The four parameters provided by the reference stations plus the synchronized clocks used to measure the muons&rsquo; &ldquo;time-of-flight&rdquo; enables the receiver&rsquo;s coordinates to be determined. This new system is called the muometric wireless navigation system (MuWNS).</p>

<p style=""text-align:justify"">To test the navigation ability of MuWNS, reference detectors were placed on the sixth floor of a building while a &ldquo;navigatee&rdquo; took a receiver detector to the basement floor. They slowly walked up and down the corridors of the basement while holding the receiver. Rather than navigating in real time, measurements were taken and used to calculate their route and confirm the path they had taken.</p>

<p style=""text-align:justify"">&ldquo;The current accuracy of MuWNS is between 2 meters and 25 meters, with a range of up to 100 meters, depending on the depth and speed of the person walking. This is as good as, if not better than, single-point GPS positioning aboveground in urban areas,&rdquo; said Tanaka. &ldquo;But it is still far from a practical level. People need one-meter accuracy, and the key to this is the time synchronization.&rdquo;</p>

<p style=""text-align:justify"">Improving this system to enable real-time, meter-accurate navigation hinges on time and money. Ideally the team wants to use chip-scale atomic clocks (CSAC): &ldquo;CSACs are already commercially available and are two orders of magnitude better than the quartz clocks we currently use. However, they are too expensive for us to use now. But, I foresee that they will become much cheaper as the global demand for CSAC for cellphones increases,&rdquo; said Tanaka.</p>

<p style=""text-align:justify"">MuWNS could someday be used to navigate robots working underwater or guide autonomous vehicles underground. Aside from the atomic clock, all the other electronic components of MuWNS can now be miniaturized, so the team hopes that eventually fitting it into hand-held devices, like your phone, will be feasible. In emergency situations like a building or mine collapse, this may be a future game changer for search and rescue teams.</p>

<p style=""text-align:justify"">####</p>

<p><strong>Paper Title:</strong></p>

<p>Hiroyuki K. M. Tanaka, Giuseppe Gallo, Jon Gluyas, Osamu Kamoshida, Domenico Lo Presti, Takashi Shimizu, Sara Steigerwald, Koji Takano, Yucheng Yang, Yusuke Yokota. <em>First navigation with wireless muometric navigation system (MuWNS) in indoor and underground environments.</em>&nbsp;<em>iScience</em>: June 15, 2023.&nbsp;</p>

<p><strong>Funding</strong></p>

<p>No relevant details.</p>

<p><strong>Useful Links:</strong></p>

<p>Muographix: <a href=""https://www.muographix.u-tokyo.ac.jp/"">https://www.muographix.u-tokyo.ac.jp/</a></p>

<p>Related press release: <a href=""https://www.u-tokyo.ac.jp/focus/en/press/z0508_00251.html"">https://www.u-tokyo.ac.jp/focus/en/press/z0508_00251.html</a></p>

<p>Related press release: <a href=""https://www.u-tokyo.ac.jp/focus/en/press/z0508_00212.html"">https://www.u-tokyo.ac.jp/focus/en/press/z0508_00212.html</a></p>

<p>Related article: <a href=""https://www.u-tokyo.ac.jp/focus/en/articles/z0508_00121.html"">https://www.u-tokyo.ac.jp/focus/en/articles/z0508_00121.html</a></p>

<p>muPS introductory video: <a href=""https://www.youtube.com/@MUOGRAPHIX/videos"">https://www.youtube.com/@MUOGRAPHIX/videos</a></p>

<p>&nbsp;</p>

<p><strong>Research Contact:</strong></p>

<p>Professor Hiroyuki Tanaka</p>

<p>Muographix, International Muography Research Organization</p>

<p>The University of Tokyo,</p>

<p>1-1-1 Yayoi, Bunkyo-ku, Tokyo 113-0032, Japan&nbsp;&nbsp;&nbsp;&nbsp;&nbsp;&nbsp;&nbsp;&nbsp;&nbsp;&nbsp;&nbsp;&nbsp;&nbsp;&nbsp;&nbsp;&nbsp;&nbsp;&nbsp;&nbsp;&nbsp;&nbsp;&nbsp;&nbsp;&nbsp;&nbsp;&nbsp;&nbsp;&nbsp;&nbsp;&nbsp;&nbsp;&nbsp;&nbsp;&nbsp;&nbsp;&nbsp;&nbsp;&nbsp;&nbsp;&nbsp;&nbsp;&nbsp;</p>

<p style=""text-align:justify"">Email: ht@muographix.u-tokyo.ac.jp, ht@eri.u-tokyo.ac.jp, ht@virtual-muography-institute.org</p>

<p>Tel.: +81-3-5841-5789</p>

<p><strong>Press contact:</strong><br />
Mrs. Nicola Burghall<br />
Public Relations Group, The University of Tokyo,<br />
7-3-1 Hongo, Bunkyo-ku, Tokyo 113-8654, Japan<br />
<a href=""mailto:press-releases.adm@gs.mail.u-tokyo.ac.jp"">press-releases.adm@gs.mail.u-tokyo.ac.jp</a></p>

<p><strong>About the University of Tokyo</strong><br />
The University of Tokyo is Japan&#39;s leading university and one of the world&#39;s top research universities. The vast research output of some 6,000 researchers is published in the world&#39;s top journals across the arts and sciences. Our vibrant student body of around 15,000 undergraduate and 15,000 graduate students includes over 4,000 international students. Find out more at www.u-tokyo.ac.jp/en/ or follow us on Twitter at @UTokyo_News_en.</p>
",News Release,Peer-Reviewed Publication,2023-06-15 15:00:00,University of Tokyo,Non-Profit,Japan,/Physical sciences/Physics/Particle physics/Subatomic particles/Muons,"/Applied sciences and engineering/Engineering/Transportation engineering/Vehicles/Autonomous vehicles, /Applied sciences and engineering/Technology/Atomic clocks, /Applied sciences and engineering/Navigation, /Physical sciences/Earth sciences/Oceanography/Marine geology/Sea floor",,3,0,0,,iScience,,,Not applicable,Experimental study,First navigation with wireless muometric navigation system (MuWNS) in indoor and underground environments.,,,,2023-06-15
995165,10.1016/j.seppur.2023.124347,"Hefei Institutes of Physical Science, Chinese Academy of Sciences",Efficient separation of strontium in different environments with novel acid-resistant silica-based i,2023-06-16,2023-07-11,"Hefei Institutes of Physical Science, Chinese Academy of Sciences",fuzzy_title,D,94.33962264150944,2023,2023,995165,New silica-based adsorbent developed for selective separation of radioactive strontium from acidic medium,,"Recently, Prof. HUANG Qunying’s team from Hefei Institutes of Physical Science (HFIPS) of Chinese Academy of Sciences (CAS) developed a novel inorganic silica-based adsorbent for the highly selective separation of strontium from acidic medium.","<p>Recently, Prof. HUANG Qunying&rsquo;s team from Hefei Institutes of Physical Science (HFIPS) of Chinese Academy of Sciences (CAS) developed a novel inorganic silica-based adsorbent for the highly selective separation of strontium from acidic medium.</p>

<p>The related results were published in&nbsp;<em>Separation and Purification Technology</em>.</p>

<p>Radioactive strontium (<sup>90</sup>Sr) has been considered to be one of the most hazardous radionuclides due to its high biochemical toxicity. During the vitrification process of high level liquid waste (HLLW), the presence of&nbsp;<sup>90</sup>Sr can cause instability of the vitrification substrate and thus induce radionuclides leaching. The removal of&nbsp;<sup>90</sup>Sr can reduce the heat generation and shorten the cooling time of the vitrification substrate in the repository, which is favorable for further deep geological disposal of the radioactive waste.</p>

<p>To address the above issues, Prof. Huang&rsquo;s team developed a novel silica-based adsorbent Sb<sub>2</sub>O<sub>5</sub>/SiO<sub>2</sub>&nbsp;using a two-step method, i.e. vacuum impregnation followed by oxidation, and investigated the adsorption behavior of the adsorbent on strontium stable nuclide in low and high acid mediums (i.e. pH 6 and 1 M HNO<sub>3</sub>).</p>

<p>The experimental results showed that the prepared adsorbent possess good acid resistance stability and exhibit favorable adsorption on strontium stable nuclide in both low and high acid mediums. The mechanistic results revealed that the adsorption mechanism was ion exchange, and the adsorption was accompanied by the transfer of charge and the decrease of adsorption energy.</p>

<p>This study not only developed a novel method for the preparation of highly stable silica-based adsorbent, but also provided relevant experimental data and theoretical basis for the selective separation of strontium in acidic environments.</p>
",News Release,Peer-Reviewed Publication,2023-07-11 08:31:01,"Hefei Institutes of Physical Science, Chinese Academy of Sciences ",Non-Profit,China,/Physical sciences,,,2,0,0,,Separation and Purification Technology,,,,,Efficient separation of strontium in different environments with novel acid-resistant silica-based ion exchanger,,,,2023-07-11
996648,10.1021/acsnano.3c02476,"Hefei Institutes of Physical Science, Chinese Academy of Sciences",Supple Formamidinium-Based Low-Dimension Perovskite Derivative for Sensitive and Ultrastable X-ray D,2023-07-05,2023-07-25,"Hefei Institutes of Physical Science, Chinese Academy of Sciences",fuzzy_title,D,94.23076923076923,2023,2023,996648,Researchers explore the potential of δ-FAPbI3 for X-ray detection and imaging,,"Prof. PAN Xu's team at the Institute of Solid State Physics, Hefei Institutes of Physical Science (HFIPS), Chinese Academy of Science (CAS), in collaboration with Zheng Xiaojia at the Chinese Academy of Engineering Physics (CAEP), and other researchers, discovered the remarkable potential of one-dimensional (1D) δ-phase formamidinium lead iodide (δ-FAPbI3) as an advanced material for X-ray detection.","<p>Prof. PAN Xu&#39;s team at the Institute of Solid State Physics, Hefei Institutes of Physical Science (HFIPS), Chinese Academy of Science (CAS), in collaboration with Zheng Xiaojia at the Chinese Academy of Engineering Physics (CAEP), and other researchers, discovered the remarkable potential of one-dimensional (1D) &delta;-phase formamidinium lead iodide (&delta;-FAPbI<sub>3</sub>) as an advanced material for X-ray detection.</p>

<p>The related results were published in&nbsp;<em>ACS Nano</em>&nbsp;recently.</p>

<p>Perovskite materials with excellent optoelectronic properties have great potential for direct X-ray detection, with multiple orders of magnitude higher sensitivity and lower detection limits than current commercial detector materials, and are expected to dramatically reduce the radiation dose rate in radiographic imaging. However, the preparation of polycrystalline wafers generates a large number of grain boundaries and pores, which leads to severe ion migration and further causes device instability and current drift, severely limiting the imaging resolution of the detectors and future commercial applications.</p>

<p>In this research, researchers focus their attention on the unique characteristics of 1D &delta;-FAPbI<sub>3</sub>. This yellow phase compound possessed high ion mobility barriers, low Young&#39;s modulus, and&nbsp;exceptional long-term stability.</p>

<p>&quot;We consider it an ideal candidate for high-performance X-ray detection,&quot; said YE Jiajiu, a postdoctoral researcher, &quot;Especially the dense wafer devices prepared by a cold isostatic pressing process&nbsp;can detect&nbsp;X-rays with high sensitivity and low detection limits.&quot;</p>

<p>In addition, researchers fabricated an X-ray imager with large-size &delta;-FAPbI<sub>3</sub>&nbsp;wafers integrated on a thin-film transistor (TFT) backplane, realizing two-dimensional multi-pixel X-ray imaging and demonstrating the feasibility of the &delta;-FAPbI<sub>3</sub>&nbsp;wafer detector for ultra-stable imaging applications.</p>

<p>Prof. PAN expressed optimism about the future prospects of this technology. &quot;This study provides a new design idea and material selection system for perovskite application in X-ray imaging,&quot; he said.</p>
",News Release,Peer-Reviewed Publication,2023-07-25 09:23:31,"Hefei Institutes of Physical Science, Chinese Academy of Sciences ",Non-Profit,China,/Physical sciences,,,1,0,0,,ACS Nano,,,,,Supple Formamidinium-Based Low-Dimension Perovskite Derivative for Sensitive and Ultrastable X-ray Detection,,,,2023-07-25
996649,10.1016/j.cjac.2023.100299,"Hefei Institutes of Physical Science, Chinese Academy of Sciences",Development and application of an underwater mass spectrometer for in situ detection of deep-sea dis,2023-06-28,2023-07-25,"Hefei Institutes of Physical Science, Chinese Academy of Sciences",fuzzy_title,D,94.33962264150944,2023,2023,996649,Underwater mass spectrometer developed for deep sea exploration,,"A research team led by Prof. CHEN Chilai from Institute of Intelligent machines, Hefei Institutes of Physical Science (HFIPS) of Chinese Academy of Sciences (CAS), developed the deep-sea mass spectrometer. Recently, it successfully completed multiple sea trials in a specific area of deep sea.","<p>A research team led by Prof. CHEN Chilai from Institute of Intelligent machines, Hefei Institutes of Physical Science (HFIPS)&nbsp;of&nbsp;Chinese Academy of Sciences (CAS), developed the deep-sea mass spectrometer. Recently, it successfully completed multiple sea trials in a specific area of deep sea.</p>

<p>The research results were published in&nbsp;<em>Chinese Journal of Analytical Chemistry</em>.</p>

<p>The extreme environments of the deep sea have shaped unique biological processes and harbor significant mineral resources, making their detection a frontier issue in international Earth science research. In-situ detection technology in the deep sea allows for the continuous acquisition of information regarding the components, concentrations, and variations of deep-sea samples in both temporal and spatial dimensions. Therefore, it is increasingly being applied in research on extreme deep-sea environments.</p>

<p>During the research, the deep-sea mass spectrometer operated continuously and reliably for over 8 hours under simulated water depths of -5800 meters. It achieved long-term (25.8 hours) in-situ detection of dissolved gases in the cold seep region of the deep sea and online detection of dissolved gases from the sea surface to the seabed (-1388m to 0m). This allowed the researchers to obtain key scientific data such as the temporal variation curve of small molecular dissolved gas concentration and the vertical concentration distribution profile in the deep-sea seabed.</p>

<p>This technology is not only applicable to deep-sea exploration but also to the acquisition of dissolved gas information in inland rivers, lakes, and near-shore waters. Relevant research in this area is also underway.</p>

<p>&quot;We have been committed to the research of key technologies and applications of mass spectrometry,&quot; said Prof. CHEN. &quot;the development of this deep-sea mass spectrometer paves the way for investigation into the origin and early evolution of life, and research on global climate change.&quot;</p>
",News Release,Peer-Reviewed Publication,2023-07-25 09:28:04,"Hefei Institutes of Physical Science, Chinese Academy of Sciences ",Non-Profit,China,/Physical sciences,,,2,0,0,,Chinese Journal of Analytical Chemistry,,,,,Development and application of an underwater mass spectrometer for in situ detection of deep-sea dissolved gases,,,,2023-07-25
998957,10.1007/s12200-023-00070-7,Higher Education Press,Revealing the interaction mechanism of pulsed laser processing with the application of acoustic emis,2023-06-14,2023-08-18,Higher Education Press,fuzzy_title,D,98.0392156862745,2023,2023,998957,"Acoustic emission monitoring technique, an essential way to analyze pulsed laser processing",,The intelligent AE monitoring method was successfully applied in exploring the interaction mechanism of nanosecond laser dotting float glass and can be used in other pulsed laser processing fields.,"<p style=""text-align:justify"">Acoustic emission (AE) monitoring is used to reveal the interaction mechanisms in pulsed laser processing of float glass. Circular ablated pits and irregular shaped cracks are formed on the float glass&rsquo;s upper surface by the pulsed laser dotting. By analyzing the AE signals, the intensity of laser ablation can be assessed, and the formation of large crack can be extracted. This work proves that it is feasible to apply AE monitoring in study the pulsed laser dotting process of float glass, and provides an alternative for monitoring study of pulsed laser processing of other brittle materials.</p>

<p style=""text-align:justify"">Researchers led by Prof. Yu Huang at Huazhong University of Science and Technology (HUST), China, are interested in laser fine processing technology and equipment. Their researches focus on short pulsed/ultrafast laser processing of various hard-to-process materials, such as glass, ceramics, and composite materials. By optimizing the laser machining quality, exploring the interaction mechanism, and the monitoring the machining process, researchers have established a more complete stereoscopic research system, further realizing the relevant laser machining equipment manufacturing.</p>

<p style=""text-align:justify"">The work entitled &ldquo;<a href=""https://doi.org/10.1007/s12200-023-00070-7"">Revealing the interaction mechanism of pulsed laser processing with the application of acoustic emission</a>&rdquo; was published on <a href=""https://journal.hep.com.cn/foe""><em>Frontiers of Optoelectronics</em></a><u><em> </em></u>(published on Jun. 14, 2023).</p>
",News Release,Peer-Reviewed Publication,2023-08-18 09:07:14,Higher Education Press ,Non-Profit,China,/Physical sciences/Materials science/Materials engineering/Materials processing/Ablation/Laser ablation,/Physical sciences/Physics/Optics/Laser physics/Laser pulses,,1,0,0,,Frontiers of Optoelectronics,,,,,Revealing the interaction mechanism of pulsed laser processing with the application of acoustic emission,,,,2023-08-18
1001591,10.1016/j.redox.2023.102857,"Hefei Institutes of Physical Science, Chinese Academy of Sciences",Ferroptosis triggered by STAT1- IRF1-ACSL4 pathway was involved in radiation-induced intestinal inju,2023-08-18,2023-09-14,"Hefei Institutes of Physical Science, Chinese Academy of Sciences",fuzzy_title,D,99.00990099009901,2023,2023,1001591,Arachidonic acid promotes the occurrence of radiation-induced intestinal injury,,"According to a research published in Redox Biology recently, a team led by Prof. HAN Wei from Hefei Institutes of Physical Science (HFIPS), Chinese Academy of Sciences (CAS) found, for the first time, that dietary arachidonic acid (AA) promotes the occurrence of radiation-induced intestinal injury (RIII).","<p style=""text-align:start"">According to a research published in&nbsp;<em>Redox Biology</em>&nbsp;recently, a team led by Prof. HAN Wei from&nbsp;<a href=""http://english.hf.cas.cn/"">Hefei Institutes of Physical Science (HFIPS)</a>,&nbsp;<a href=""https://english.cas.cn/"">Chinese Academy of Sciences (CAS)</a>&nbsp;found, for the first time, that dietary arachidonic acid (AA) promotes the occurrence of radiation-induced intestinal injury (RIII).</p>

<p style=""text-align:start"">RIII is a common gastrointestinal complication (incidence rate is about 80%) caused by radiotherapy on pelvic, abdominal, and retroperitoneal tumors. It may lead to the interruption of radiotherapy. At present, no unifed and effective methods are available for clinical treatment of RIII. Therefore, determining the pathogenesis of RIII is an important prerequisite for developing the strategies for RIII treatment.</p>

<p style=""text-align:start"">In this study, the team utilized RNA sequencing analysis to investigate the possible involvement of ferroptosis in RIII mice&#39;s intestinal tissue. As a result, the levels of lipid peroxidation markers, 4-hydroxynonenal (4-HNE) and malondialdehyde (MDA), were significantly elevated in these mice.</p>

<p style=""text-align:start"">The researchers also discovered that Ferrostatin-1 (Fer-1), a ferroptosis inhibitor, was successful in mitigating both death and intestinal fibrosis in RIII mice. Furthermore, in cultured intestinal epithelial cells (IECs), organoids and mouse models, researchers found that AA, the omega-6 essential fatty acid, is a key factor in radiation-induced ferroptosis. Exogenous AA triggered radiation-induced ferroptosis.</p>

<p style=""text-align:start"">Subsequent mechanistic studies revealed that the activation of STAT1-IRF1 positively regulated the expression of ACSL4, which promoted the occurrence of ferroptosis after radiation. On the other hand, the AMPK signaling pathway was activated by AA and played a negative regulatory role in radiation-induced ferroptosis.</p>

<p style=""text-align:start"">The above results indicated that the STAT1-IRF1-ACSL4 and AMPK signaling pathways were potential molecular targets for the strategies development of RIII prevention and treatment. Arachidonic acid, an essential dietary fatty acid, was an important risk factor for ferroptosis-mediated RIII. This study also suggested that targeted dietary nutrition control, which was expected to alleviate RIII, should be implemented during radiotherapy.</p>
",News Release,Peer-Reviewed Publication,2023-09-14 08:30:59,"Hefei Institutes of Physical Science, Chinese Academy of Sciences ",Non-Profit,China,/Physical sciences,,,1,0,0,,Redox Biology,,,,,Ferroptosis triggered by STAT1- IRF1-ACSL4 pathway was involved in radiation-induced intestinal injury,,,,2023-09-14
1001593,10.1016/j.ceramint.2023.08.240,"Hefei Institutes of Physical Science, Chinese Academy of Sciences","Zero thermal expansion, high specific thermal conductivity, and good machinability of Cu2P2O7/2024Al",2023-08-21,2023-09-14,"Hefei Institutes of Physical Science, Chinese Academy of Sciences",fuzzy_title,D,95.23809523809523,2023,2023,1001593,Researchers develop high-performance zero thermal expansion composite for precision devices,,"Recently, a research group led by Prof. PENG Tong from Hefei Institutes of Physical Science (HFIPS), Chinese Academy of Sciences (CAS), significantly improved the negative thermal expansion (NTE) effect of Cu2P2O7, a new but excellent NTE material, and prepared a zero thermal expansion (ZTE) Cu2P2O7/2024Al composite with high specific thermal conductivity and good machinability.","<p>Recently, a research group led by Prof. PENG Tong from Hefei Institutes of Physical Science (HFIPS), Chinese Academy of Sciences (CAS), significantly improved the negative thermal expansion (NTE) effect of Cu<sub>2</sub>P<sub>2</sub>O<sub>7</sub>, a new but excellent NTE material, and prepared a zero thermal expansion (ZTE) Cu<sub>2</sub>P<sub>2</sub>O<sub>7</sub>/2024Al composite with high specific thermal conductivity and good machinability.</p>

<p>The research results were published in&nbsp;<em>Journal of</em>&nbsp;<em>Materials Science &amp; Technology</em>&nbsp;and&nbsp;<em>Ceramics International</em>.</p>

<p>With the advancement of high-tech fields, it is not possible to adjust the dimensions of precision equipment. However, thermal expansion with temperature is a fundamental property of many regularly used materials that is difficult to control. Combining NTE materials with ordinary positive thermal expansion materials is an efficient way to produce ZTE materials.</p>

<p>In this study, researchers discovered that increasing the sintering temperature improves the NTE impact of Cu<sub>2</sub>P<sub>2</sub>O<sub>7</sub>&nbsp;(from -13.88 ppm/K to -36.6 ppm/K at 250-350 K). The vibration of the bridge Oxygen atom causes the NTE effect in Cu<sub>2</sub>P<sub>2</sub>O<sub>7</sub>. The results of temperature dependent X-ray powder diffraction, temperature dependent neutron powder diffraction, and X-ray absorption near edge structure demonstrated that Cu<sub>2</sub>P<sub>2</sub>O<sub>7</sub>&nbsp;produced at lower temperatures had more oxygen vacancies, resulting in a weaker phase transition and NTE impact.</p>

<p>A series of Cu<sub>2</sub>P<sub>2</sub>O<sub>7</sub>/2024Al composites were made using the powder metallurgy method in a fast-hot-pressing sintering apparatus using enhanced Cu<sub>2</sub>P<sub>2</sub>O<sub>7</sub>&nbsp;as reinforcement.&nbsp;The composite exhibited ZTE (-0.014 ppm/K at 273-333 K) with up to 50% Cu<sub>2</sub>P<sub>2</sub>O<sub>7</sub>&nbsp;volume addition. When compared to other reported isotropic ZTE materials, this ZTE composite had a low density of 3.41g/cm<sup>-3</sup>&nbsp;and a high thermal conductivity of 49.7 WK<sup>-1</sup>m<sup>-1</sup>, resulting in a high specific thermal conductivity.</p>

<p>Furthermore, its bending strength could reach 205 MPa, and this type of composite had good machinability due to the matching moduli of Cu<sub>2</sub>P<sub>2</sub>O<sub>7</sub>&nbsp;and 2024Al, as well as a well-bonded interface.</p>

<p>&quot;Our research provided a good candidate NTE material for compositing and a kind of ZTE composite with excellent comprehensive properties which is expected to be used in high-tech fields with high demand of dimension stability.&quot; said XIE Lulu, first author of the paper.</p>
",News Release,Peer-Reviewed Publication,2023-09-14 08:51:06,"Hefei Institutes of Physical Science, Chinese Academy of Sciences ",Non-Profit,China,/Physical sciences,,,1,0,0,,Ceramics International,,,,,"Zero thermal expansion, high specific thermal conductivity, and good machinability of Cu2P2O7/2024Al composite",,,,2023-09-14
1002306,10.21203/rs.3.rs-2537489/v1,Chinese Academy of Sciences Headquarters,A social-semantic-working-memory account for two canonical language areas,2023-02-17,2023-09-21,Chinese Academy of Sciences Headquarters,fuzzy_title,D,93.15068493150685,2023,2023,1002306,Social vs. language role: researchers question function of two brain areas,,"A research team led by Prof. LIN Nan from the Institute of Psychology of the Chinese Academy of Sciences found that during sentence processing, the neural activity of two canonical language areas, i.e., the left ventral temporoparietal junction (vTPJ) and the lateral anterior temporal lobe (lATL), is associated with social-semantic working memory rather than language processing per se.","<p style=""text-align:left"">A research team led by Prof. LIN Nan from the Institute of Psychology of the Chinese Academy of Sciences found that during sentence processing, the neural activity of two canonical language areas, i.e., the left ventral temporoparietal junction (vTPJ) and the lateral anterior temporal lobe (lATL), is associated with social-semantic working memory rather than language processing per se.</p>

<p style=""text-align:left"">The study was published in <em>Nature Human Behaviour</em> on Sept. 21.</p>

<p style=""text-align:left"">Language and social cognition are two deeply interrelated abilities of the human species, but have traditionally been studied as two separate domains. Both sentence processing and social tasks can evoke neural activity in the left vTPJ and lATL, suggesting that the function of these regions may link language comprehension with social cognition. However, previous studies have attributed the activity of these regions in language tasks to general semantic and/or syntactic processing, whereas their activity in social tasks is attributed to social concept activation.</p>

<p style=""text-align:left"">In this study, the researchers tested a novel hypothesis that the activity of the left vTPJ and lATL in language and social tasks are both due to a common cognitive component&mdash;i.e., social-semantic working memory.</p>

<p style=""text-align:left"">Using fMRI experiments, they validated that these regions were sensitive to sentences only if the sentences conveyed social meaning. In addition, these regions showed persistent social-semantic-selective activity after the linguistic stimuli disappeared and were sensitive to the sociality of nonlinguistic stimuli. Furthermore, these regions were more tightly connected to the social-semantic-processing areas than to the sentence-processing areas.</p>

<p style=""text-align:left"">The results indicate that the left vTPJ and lATL are not specific to language processing and contribute to language comprehension through social-semantic working memory.</p>

<p style=""text-align:left"">&quot;Since the 1990s, it has been consistently observed that the left vTPJ and lATL are sensitive to sentence processing. Therefore, our findings were quite surprising,&quot; said Prof. LIN, corresponding author of the study.</p>

<p style=""text-align:left"">These findings are likely to force a major reconsideration of the functional organization of the cortical language network, and they also make an important new contribution to the field of social neuroscience, according to a reviewer for <em>Nature Human Behaviour</em>.</p>

<p style=""text-align:left"">This study was supported by the National Natural Science Foundation of China, the Scientific Foundation of the Institute of Psychology, and the National Science and Technology Innovation 2030 Major Program.</p>
",News Release,Peer-Reviewed Publication,2023-09-21 15:00:44,Chinese Academy of Sciences Headquarters,Non-Profit,China,/Social sciences/Psychological science/Neuropsychology/Psycholinguistics,"/Social sciences/Psychological science/Cognitive psychology/Cognition/Memory/Memory processes, /Social sciences/Linguistics/Neurolinguistics/Language processing, /Social sciences/Psychological science/Cognitive psychology/Cognition/Social cognition, /Social sciences/Psychological science/Cognitive psychology/Cognition/Cognitive function, /Social sciences/Psychological science/Social psychology/Human social behavior, /Social sciences/Psychological science/Cognitive psychology/Cognition/Memory/Declarative memory/Semantic memory, /Scientific community/Scientific approaches/Hypothesis testing, /Life sciences/Neuroscience/Cognitive neuroscience",,0,0,0,,Nature Human Behaviour,,10.1038/s41562-023-01704-8,People,Experimental study,A social-semantic working-memory account for two canonical language areas,,10.1038/s41562-023-01704-8,10.1038/s41562-023-01704-8,2023-09-21
1004186,10.1111/pbi.14168,"Hefei Institutes of Physical Science, Chinese Academy of Sciences",Precision editing of <i>GLR1</i> confers glufosinate resistance without yield penalty in rice,2023-09-09,2023-10-10,"Hefei Institutes of Physical Science, Chinese Academy of Sciences",fuzzy_title,D,96.08938547486034,2023,2023,1004186,Scientists cloned a novel gene responsible for glufosinate resistance in rice,,"<p>According to a research published in&nbsp;<em>Plant Biotechnology Journal</em>&nbsp;recently, a group of researchers led by Prof. WU Yuejin from Hefei Institutes of Physical Science (HFIPS), Chinese Academy of Sciences (CAS) successfully cloned a novel gene responsible for glufosinate resistance in rice and conducted in-depth analysis of its functional characteristics.</p>
","<p>According to a research published in&nbsp;<em>Plant Biotechnology Journal</em>&nbsp;recently, a group of researchers led by Prof. WU Yuejin from Hefei Institutes of Physical Science (HFIPS), Chinese Academy of Sciences (CAS) successfully cloned a novel gene responsible for glufosinate resistance in rice and conducted in-depth analysis of its functional characteristics.</p>

<p>Breeding and researching herbicide-resistant rice germplasm holds significant potential for effective weed management and the advancement of modern agriculture. Glufosinate has been widely used due to its non-selective broad-spectrum and high-efficiency weed control. There have been very few reports on rice germplasm that are resistant to the glufosinate herbicide. Therefore, creating glufosinate-resistant rice germplasm is essential for modern agriculture.</p>

<p>In this study, rice seeds were subjected to heavy ion irradiation and screened for resistance to glufosinate. Two individual rice plants, glr1 and glr2, were identified as exhibiting resistance. The primary focus of this research was to elucidate the resistance mechanism and gene function of the glr1 mutant.</p>

<p>The results demonstrated that the glr1 mutant displayed significant resistance to glufosinate. Through map-based cloning and functional analysis, researchers unveiled that the GLR1 gene encodes ARF18, which belongs to the ARF family of auxin response factors.</p>

<p>Additionally, the study revealed that GLR1/ARF18 can directly bind to the promoters of downstream genes, namely OsGS1, OsCYP51G3, and OsCATA, consequently inhibiting their expression. In the wild type, treatment with glufosinate prompted the activation of the GLR1 gene, resulting in the suppression of downstream genes associated with the clearance of ammonia and reactive oxygen species (ROS). This hindrance in timely clearing of accumulated ammonia and ROS within the plant ultimately led to its demise. Conversely, when the GLR1 gene is mutated, its ability to inhibit the expression of relevant genes is impaired. As a result, the proteins encoded by these genes remain active, facilitating the efficient clearance of accumulated ammonia and ROS. This, in turn, prevents plant damage and death.</p>

<p>This work provides gene resources and theoretical basis for the cultivation of new rice varieties adapted to the growth conditions of adversity.</p>
",News Release,Peer-Reviewed Publication,2023-10-10 08:32:08,"Hefei Institutes of Physical Science, Chinese Academy of Sciences ",Non-Profit,China,/Physical sciences,,,2,0,0,,Plant Biotechnology Journal,,,,,Precision editing of GLR1 confers glufosinate resistance without yield penalty in rice,,,,2023-10-10
1005700,10.1007/s11783-024-1767-8,Higher Education Press,Direct generation of Zn metal using laser-induced ZnS to eradicate carbon emissions from electrolysi,2023-08-17,2023-10-24,Higher Education Press,fuzzy_title,D,93.02325581395348,2023,2023,1005700,Lasers are a viable alternative to high-temperature roasting for smelting zinc,,"<p>One of the leading causes of pollution in China is the non-ferrous metallurgical industry, which processes heavy metals for use in a variety of industries. In an effort to meet China&rsquo;s goals of carbon neutrality before 2060, researchers are studying how to reduce carbon emissions in this vital industry. In a recently published paper, researchers propose smelting zinc with lasers instead of traditional high-temperature roasting and electrolysis.</p>
","<p>One of the leading causes of pollution in China is the non-ferrous metallurgical industry, which processes heavy metals for use in a variety of industries. In an effort to meet China&rsquo;s goals of carbon neutrality before 2060, researchers are studying how to reduce carbon emissions in this vital industry. In a recently published paper, researchers propose smelting zinc with lasers instead of traditional high-temperature roasting and electrolysis.</p>

<p>The paper was published in <a href=""https://journal.hep.com.cn/fese/EN/10.1007/s11783-023-1767-8""><em><u><u><em>Frontiers of Environmental Science &amp; Engineering</em></u></u></em></a><em>&nbsp;</em>on August 17.</p>

<p>&ldquo;The zinc industry, with a total carbon dioxide emission of 33 million tons, is a major driver of greenhouse gas emissions. It is estimated that the electrolytic zinc industry in China produces around 6 million tons of solid hazardous waste each year, which causes environmental pollution and significant health risks,&rdquo; said Ning Duan, a researcher at the State Key Laboratory of Pollution Control and Resources Reuse at the College of Environmental Science and Engineering at Tongji University in Shanghai, China. &ldquo;We propose a new optical metallurgy method, which uses laser-induced photoreduction to decompose sphalerite and reduce metal ions to metal. Since it does not use high-temperature roasting, this method provides a new way to produce high-purity metal without the greenhouse gas emissions and heavy metal pollution caused by traditional zinc electrolysis.&rdquo;</p>

<p>A material called sphalerite (ZnS) is the main source material for the electrolytic zinc industry. It is an ideal candidate for the proposed laser treatment because it responds well to light. Researchers then constructed an experimental apparatus to test the reaction of sphalerite to laser-induced decomposition. It included a laser, lens, vacuum chamber, and camera. The vacuum chamber prevented the interference of oxygen in the experiment.</p>

<p>Researchers completed Raman spectroscopy, XPS analysis, and EXAFS spectra analysis to determine how well the sphalerite responded to the laser. They also looked at the micromorphology of the damage caused by the laser using electron microscopy. When the laser interacts with the surface of the sphalerite, it produces a photochemical reduction and a photothermal reduction. The photothermal effect that occurs when the ultraviolet laser irradiates the sphalerite is strong, creating molecular vibration energy that converts into heat energy. This makes the surface temperature of the sphalerite rise, cracking ionic bonds, melting and vaporizing materials on the surface of the sphalerite, and producing zinc. &nbsp;</p>

<p>&ldquo;This study demonstrated that zinc can be produced by decomposing sphalerite using laser irradiation under an inert argon gas atmosphere. This process does not require high temperatures and produces no greenhouse gases or pollutants. Our results are encouraging for the prospect of optical metallurgy,&rdquo; said Duan.</p>

<p>Researchers also did an economic comparison between optical metallurgy and traditional metallurgy for zinc production to confirm that the proposed laser irradiation method is not cost prohibitive. They estimated that the annual operational costs are estimated to be at 1.9 billion RMB (261 million USD) for a traditional zinc metallurgy plant and 1.67 billion RMB (219 million USD) for optical zinc metallurgy. This economic analysis showed the feasibility of optical metallurgy as an alternative to traditional, high-temperature roasting techniques.</p>

<p>Looking ahead, researchers are hoping to find ways to bring optical metallurgy to scale. &ldquo;The technology is currently in laboratorial level. A huge amount of further studies are needed to realize, for the optical zinc metallurgy technology, the pilot scale plant and final the full-scale plant,&rdquo; said Duan.</p>

<p>Other contributors include Ying Chen, Linhua Jiang, Fuyuan Xu, Yao Wang, Wen Cheng, and Yanli Xu of the College of Environmental Science and Engineering at Tongji University; Guangbin Zhu of the School of Environmental Science and Engineering at Tianjin University; and Yong Liu at the School of Materials Science and Engineering at Anhui University of Science and Technology.</p>

<p>The National Natural Science Foundation of China and the Fundamental Research Funds for the Central University, Tongji University supported this research. &nbsp;</p>
",News Release,Peer-Reviewed Publication,2023-10-24 08:22:31,Higher Education Press ,Non-Profit,China,/Applied sciences and engineering/Environmental sciences,,,0,0,0,,Frontiers of Environmental Science & Engineering,Frontiers of Environmental Science & Engineering,,Not applicable,Experimental study,Direct generation of Zn metal using laser-induced ZnS to eradicate carbon emissions from electrolysis Zn production,,,,2023-10-24
1007189,10.1021/acs.jpclett.3c02276,"Hefei Institutes of Physical Science, Chinese Academy of Sciences",Real-Time Monitoring of a Single Molecule in Sub-nanometer Space by Dynamic Surface-Enhanced Raman S,2023-09-22,2023-11-07,"Hefei Institutes of Physical Science, Chinese Academy of Sciences",fuzzy_title,D,92.89099526066352,2023,2023,1007189,Scientists use SERS technology to accurately monitor single-molecule diffusion behavior,,"<p>Recently, a research team led by Professor Yang Liangbao from Institute of Health and Medical Technology of the Hefei Institutes of Physical Science (HFIPS), Chinese Academy of Sciences (CAS) has successfully utilized surface-enhanced Raman spectroscopy (SERS) to accurately monitor the diffusion behavior of a single molecule in sub-nanometer space.</p>
","<p>Recently, a research team led by Professor Yang Liangbao from Institute of Health and Medical Technology of the Hefei Institutes of Physical Science (HFIPS), Chinese Academy of Sciences (CAS) has successfully utilized surface-enhanced Raman spectroscopy (SERS) to accurately monitor the diffusion behavior of a single molecule in sub-nanometer space.</p>

<p>The research was published in&nbsp;<em>The Journal of Physical Chemistry Letters</em>.</p>

<p>SERS technology, a highly sensitive and selective analytical technique, enables single-molecule level analysis by triggering a resonance phenomenon on a metal surface that significantly enhances the molecular Raman signal. However, long-term monitoring of unlabeled individual molecules remains a challenge.</p>

<p>In this study, the team utilized the excellent photothermal effect of gold nanorods to construct hotspot structures with a gap size of ~ 1.0 nm using laser reconstruction.</p>

<p>The constructed hotspot not only provided superb SERS enhancement but also actively captured the target molecules, realizing real-time monitoring and analysis of the diffusion behavior of crystalline violet single molecules.</p>

<p>&quot;This allowed us to observe the blinking behavior of single crystal violet (CV) molecules for durations of up to 4 minutes using dynamic surface-enhanced Raman spectroscopy (D-SERS),&quot; said YAN Wuwen, member of team.</p>

<p>Combining density-functional theory (DFT) calculations and SERS-mapping results, they concluded that the crystalline violet single molecules can be confined in sub-nanometer space.</p>

<p>&quot;This allowed us to observe the blinking behavior of single crystal violet (CV) molecules for durations of up to 4 minutes using dynamic surface-enhanced Raman spectroscopy (D-SERS),&quot; said YAN Wuwen, member of team.</p>

<p>This research provides a unique way to understand molecular interactions, chemical reactions, and the behavior of biomolecules.</p>
",News Release,Peer-Reviewed Publication,2023-11-07 01:41:28,"Hefei Institutes of Physical Science, Chinese Academy of Sciences ",Non-Profit,China,/Physical sciences,,,1,0,0,,The Journal of Physical Chemistry Letters,,,,,Real-Time Monitoring of a Single Molecule in Sub-nanometer Space by Dynamic Surface-Enhanced Raman Spectroscopy,,,,2023-11-07
1007191,10.1002/smll.202306466,"Hefei Institutes of Physical Science, Chinese Academy of Sciences",Hierarchical‐Bioinspired MOFs Enhanced Electromagnetic Wave Absorption,2023-09-29,2023-11-07,"Hefei Institutes of Physical Science, Chinese Academy of Sciences",fuzzy_title,D,98.57142857142858,2023,2023,1007191,Novel framework promotes efficient electromagnetic wave absorption,,"<p>Recently, a research team led by Professor WANG Junfeng from the High Magnetic Field Laboratory of the Hefei Institutes of Physical Science (HFIPS), Chinese Academy of Sciences (CAS) developed bioinspired metal organic framework (Bio-MOF) to achieve efficient electromagnetic wave absorption.</p>
","<p>Recently, a research team led by Professor WANG Junfeng from the High Magnetic Field Laboratory of the Hefei Institutes of Physical Science (HFIPS), Chinese Academy of Sciences (CAS) developed bioinspired metal organic framework (Bio-MOF) to achieve efficient electromagnetic wave absorption.</p>

<p>The research was published in&nbsp;<em>Small</em>.</p>

<p>Metal organic frameworks (MOFs) are considered one of the excellent precursors for electromagnetic wave absorption materials. Usually, MOF derived absorbing materials exhibit unique advantages in impedance matching and microwave loss due to their excellent conductivity, magnetism, sufficient defect sites, and interface structure. However, to achieve efficient absorption of electromagnetic waves over a wide frequency range, multiple challenges must be addressed while maintaining lightness and flexibility.</p>

<p>In this study, by using biomineralized bovine serum albumin (BSA) protein as templates, the research team successfully controlled the crystal structure of Mil-100, a type of Fe-based MOF materials.</p>

<p>This led to the development of a unique biological MOF material called BSA@Mil-100, which exhibited a hierarchical self-assembled structure ranging from nano to micrometer scales, and exhibited remarkable microwave absorption (MA) properties.</p>

<p>&quot;Compared to traditional Mil-100, BSA@Mil-100 demonstrated significant improvements in its ability to absorb microwaves,&quot; said Sajid ur Rehman, first author of the paper.</p>

<p>The research findings revealed that at a Super High Frequency range&nbsp;of 8.85 GHz, BSA@Mil-100 achieved remarkably enhanced microwave absorption performance.&nbsp;It&nbsp;reached as high as&nbsp;with -58 dB absorption value and a broadband width of 6.79 GHz.</p>

<p>This approach indicates a promising frontier in the design of high-performance microwave absorption materials, according to the team.</p>
",News Release,Peer-Reviewed Publication,2023-11-07 01:57:29,"Hefei Institutes of Physical Science, Chinese Academy of Sciences ",Non-Profit,China,/Physical sciences,,,1,0,0,,Small,,,,,Hierarchical-Bioinspired MOFs Enhanced Electromagnetic Wave Absorption,,,,2023-11-07
1007193,10.1016/j.fsigen.2023.102932,"Hefei Institutes of Physical Science, Chinese Academy of Sciences",Extraction of DNA from trace forensic samples with a modified lysis buffer and chitosan coated magne,2023-09-09,2023-11-07,"Hefei Institutes of Physical Science, Chinese Academy of Sciences",fuzzy_title,D,95.69377990430623,2023,2023,1007193,Modified lysis buffer and chitosan coated magnetic beads developed for extraction of dna in forensic investigations,,"<p>Recently, a research group led by Prof. LIU Yong and ZHU Ling from Hefei Institutes of Physical Science (HFIPS), Chinese Academy of Sciences (CAS), developed a new method for tracing forensic DNA extraction using modified lysis buffer and chitosan coated magnetic beads.</p>
","<p>Recently, a research group led by Prof. LIU Yong and ZHU Ling from Hefei Institutes of Physical Science (HFIPS), Chinese Academy of Sciences (CAS), developed a new method for tracing forensic DNA extraction using modified lysis buffer and chitosan coated magnetic beads.</p>

<p>The research results were published in&nbsp;<em>Forensic Science International: Genetics</em>.</p>

<p>Forensic DNA is known as the king evidence in courtroom trial. However, with the increasing ability of criminal suspects to evade investigation, the DNA evidence left at the crime scene is very limited and contains a large amount of inhibitor substances. Therefore, how to extract enough DNA from trace evidence samples for genetic marker typing has always been a challenge in forensic DNA analysis and testing.</p>

<p>In this study, researchers developed novel Chitosan@Beads and a modified lysis buffer.</p>

<p>&quot;It can adsorb negatively charged DNA through electrostatic interactions,&quot; said ZHU Cancan, member of the team.</p>

<p>They used 1% (w/v) of chitosan (75% deacetylation degree) to modify the 50 nm magnetic nanoparticles and gained the Chitosan@Beads, which theoretically carried positively charged in the pH = 5 of lysis buffer.</p>

<p>To simulate real crime sense, a set of simulated samples, containing 20 mg/&mu;L of humic acid, pigments, iron ions (Fe<sup>2+</sup>, Fe<sup>3+</sup>), and the coexistence of the above three substances, were prepared. Human bronchial epithelial cells were mixed with the 200&mu;L of the above simulated samples for DNA extraction. 400&mu;L of lysis buffer, 20 &mu;L of proteinase K (10 mg/mL) and 20&mu;L of Chitosan@Beads solution (20 mg/mL) was used for cell disruption and DNA enrichment. The results showed that the sensitivity of DNA extraction using Chitosan@Beads was superior to commercial reagent kits, with a detection limit of 10 cells.</p>

<p>Furthermore, for complex trace samples from case materials, the STR loci rate of the Chitosan@Beads was 97.9%, exhibiting a higher success rate in STR (short tandem repeat) analysis, an important technique used in forensic investigations.</p>

<p>This research has broad prospects for application in the fields of forensic DNA identification, ancestral analysis, martyr remains identification and identification of victims of major disasters.</p>
",News Release,Peer-Reviewed Publication,2023-11-07 02:06:55,"Hefei Institutes of Physical Science, Chinese Academy of Sciences ",Non-Profit,China,/Physical sciences,,,1,0,0,,Forensic Science International Genetics,Forensic Science International: Genetics,,,,Extraction of DNA from trace forensic samples with a modified lysis buffer and chitosan coated magnetic beads,,,,2023-11-07
1007032,10.1038/s41467-023-42593-9,Nagoya University,Spatial exosome analysis using cellulose nanofiber sheets reveals the location heterogeneity of extr,2023-11-08,2023-11-08,Nagoya University,fuzzy_title,D,91.74311926605505,2023,2023,1007032,Extracellular vesicles captured using sustainable wood cellulose-based nanofiber sheets may identify and improve cancer treatment ,,"<p>A research team in Japan, led by Nagoya University&rsquo;s Akira Yokoi, has developed an innovative technique using cellulose nanofiber (CNF) sheets derived from wood cellulose to capture small structures from cancerous cells, called extracellular vesicles (EVs), from fluid samples and even organs during surgery. When the researchers tested their technique on recently removed human organs, they found that the surface EVs were different from the underlying tissue. Extracting and analyzing EVs using this new technology has the potential to revolutionize early cancer diagnosis and open the door to personalized medicine.&nbsp;</p>
","<p>A research team in Japan, led by Nagoya University&rsquo;s Akira Yokoi, has developed an innovative technique using cellulose nanofiber (CNF) sheets derived from wood cellulose to capture extracellular vesicles (EVs) from fluid samples and even organs during surgery. EVs are small structures from cancerous cells that play a crucial role in cell-to-cell communication. Extracting and analyzing EVs using this new technology has the potential to revolutionize early cancer diagnosis and open the door to personalized medicine. The researchers published their findings in <em>Nature Communications.&nbsp;</em></p>

<p>Cancer is notorious for its poor prognosis and in many cases goes undetected until its advanced stages, leaving patients with limited treatment options. Detecting the cancer early using EVs and analyzing them provides vital information on disease status and its progression. This should assist physicians in monitoring and adjusting personalized cancer treatment plans. However, researchers have been limited in previous attempts to use EVs due to the lack of an effective isolation strategy.&nbsp;</p>

<p>To capture EVs, Yokoi and his colleagues used CNF sheets made from wood cellulose to extract them from fluid samples from ovarian cancer mice models. As the material has a porous nanostructure, the sheet absorbs the fluid containing the EVs into its pores and closes them upon drying. They found that the sheets captured and preserved EVs from as little as ten microliters of body fluids. In contrast, the current standard methods, such as ultra-centrifugation, are more time-consuming and require much larger samples.&nbsp;</p>

<p>&ldquo;We have developed the unique cellulose nanofiber by applying paper-making and solvent displacement technology,&rdquo; Yokoi said. &ldquo;The cellulose nanofibers we use are a sustainable biomass material that comes mostly from wood cell walls. These sheets have attractive properties, such as being lightweight, high strength, and most importantly, easily biodegradable.&rdquo;&nbsp;</p>

<p>Using the technique, the researchers successfully extracted and analyzed EVs, and the microRNAs (miRNAs) contained within them from the mice ovarian cancer models. As miRNAs differ between healthy and sick patients, they represent an ideal diagnostic marker for cancer. They also identified distinct sets of miRNAs in EVs collected from tumor surfaces, some of which decreased after tumor removal. Tracking the presence or absence of these miRNAs could be an easy way to analyze the effectiveness of treatment and then tailor treatment according to tumor heterogeneity. Heterogeneity is a common problem where even in a single tumor, cancer cells have different characteristics and properties.&nbsp;&nbsp;</p>

<p>The structure of the sheets is similar to that of medical gauze, so they can easily be attached and removed even when placed on organs during surgery. To test this, the group used recently removed human organs. Their successful test revealed an exciting discovery, as the EVs on the tumor surface showed unique miRNA profiles compared to the tumor tissue.&nbsp;</p>

<p>&quot;Organ surfaces were a previously unanalyzed EV subpopulation, which can now be subjected to biological assessments,&rdquo; Yokoi said. &ldquo;CNF paper enables the obtaining of EVs from multiple sites in the body. Then, by checking the molecular profiles of these EVs, we can monitor disease progression and tailor the selection of the best drug, contributing to personalized medicine.&quot;&nbsp;</p>

<p>Dr. Takahiro Ochiya, Board Member of the International Society for Extracellular Vesicles and President of the Japanese Society for Extracellular Vesicles is enthusiastic about the potential of the sheets: &ldquo;Exosome analysis using CNF sheets is an extremely novel method and is expected to have a variety of applications, including medical uses. We expect this to be a major advance that will bring the knowledge of exosomes as medical research directly to patients.&rdquo;&nbsp;</p>

<p>This research has broad implications, opening up the analysis of EVs during surgery, an unexplored area until now. Looking ahead, the research team is committed to advancing the medical applications of EV sheets for various diseases, improving diagnostic accuracy, and helping usher in the era of personalized medicine.</p>
",News Release,Peer-Reviewed Publication,2023-11-08 10:00:00,Nagoya University,Non-Profit,Japan,/Scientific community/Scientific approaches/Discovery research,"/Scientific community/Research programs/Cancer research, /Life sciences/Biochemistry/Biomolecules/Nucleic acids/RNA/MicroRNA, /Life sciences/Plant sciences/Plant anatomy/Xylem/Wood, /Applied sciences and engineering/Engineering/Materials engineering/Microstructures/Nanostructures/Nanofibers, /Health and medicine/Clinical medicine/Medical treatments/Cancer treatments, /Life sciences/Organismal biology/Anatomy/Tissue/Neoplasms/Ovarian tumors, /Life sciences/Cell biology/Cell extracts, /Health and medicine/Clinical medicine/Personalized medicine, /Life sciences/Biochemistry/Pharmacology/Drug development, /Life sciences/Cell biology/Cells/Cancer cells, /Health and medicine/Diseases and disorders/Cancer/Ovarian cancer",,1,0,0,,Nature Communications,,,,,Spatial exosome analysis using cellulose nanofiber sheets reveals the location heterogeneity of extracellular vesicles,,,,2023-11-08
1008311,10.1038/s41467-023-43043-2,Nagoya University,Isolation may select for earlier and higher peak viral load but shorter duration in SARS-CoV-2 evolu,2023-11-21,2023-11-21,Nagoya University,fuzzy_title,D,98.0392156862745,2023,2023,1008311,Computer simulation suggests mutant strains of COVID-19 emerged in response to human behavior,,"<p>A group from Nagoya University in Japan used a simulator that incorporates AI technology to uncover the survival strategy of the coronavirus in response to human behavioral changes such as staying home and isolating infected people. They identified that human behavior along with a shorter incubation period and a lower asymptomatic rate, were closely related to the emergence of mutant strains. Their findings suggest that humans and viruses have unique effects on each other, and that human behavior may be a driving force of virus evolution.</p>
","<p>Using artificial intelligence technology and mathematical modeling, a research group led by Nagoya University has revealed that human behavior, such as lockdowns and isolation measures, affect the evolution of new strains of COVID-19. SARS-CoV-2, the virus that causes COVID-19, developed to become more transmissible earlier in its lifecycle. The researcher&rsquo;s findings, published in <em>Nature Communications</em>, provide new insights into the relationship between how people behave and disease-causing agents.&nbsp;</p>

<p>&nbsp;</p>

<p>As with any other living organism, viruses evolve over time. Those with survival advantages become dominant in the gene pool. Many environmental factors influence this evolution, including human behavior. By isolating sick people and using lockdowns to control outbreaks, humans may alter virus evolution in complicated ways. Predicting how these changes occur is vital to develop adaptive treatments and interventions.&nbsp;&nbsp;</p>

<p>&nbsp;</p>

<p>An important concept in this interaction is viral load, which refers to the amount or concentration of a virus present per ml of a bodily fluid. In SARS-CoV-2, a higher viral load in respiratory secretions increases the risk of transmission through droplets. Viral load relates to the potential to transmit a virus to others. For example, a virus like Ebola has an exceptionally high viral load, whereas the common cold has a low one. However, viruses must perform a careful balancing act, as increasing the maximum viral load can be advantageous, but an excessive viral load may cause individuals to become too sick to transmit the virus to others.&nbsp;</p>

<p>&nbsp;</p>

<p>The research group led by Professor Shingo Iwami at the Nagoya University Graduate School of Science identified trends using mathematical modeling with an artificial intelligence component to investigate previously published clinical data. They found that the SARS-CoV-2 variants that were most successful at spreading had an earlier and higher peak in viral load. However, as the virus evolved from the pre-Alpha to the Delta variants, it had a shorter duration of infection. The researchers also found that the decreased incubation period and the increased proportion of asymptomatic infections recorded as the virus mutated also affected virus evolution.&nbsp;</p>

<p>&nbsp;</p>

<p>The results showed a clear difference. As the virus evolved from the Wuhan strain to the Delta strain, they found a 5-fold increase in the maximum viral load and a 1.5-fold increase in the number of days before the viral load peaked.&nbsp;&nbsp;</p>

<p>&nbsp;</p>

<p>Iwami and his colleagues suggest that human behavioral changes in response to the virus, designed to limit transmission, were increasing the selection pressure on the virus. This caused SARS-CoV-2 to be transmitted mainly during the asymptomatic and presymptomatic periods, which occur earlier in its infectious cycle. As a result, the viral load peak advanced to this period to spread more effectively in the earlier pre-symptomatic stages.&nbsp;&nbsp;</p>

<p>&nbsp;</p>

<p>When evaluating public health strategies in response to COVID-19 and any future potentially pandemic-causing pathogens, it is necessary to consider the impact of changes in human behavior on virus evolution patterns. &ldquo;We expect that immune pressure from vaccinations and/or previous infections drives the evolution of SARS-CoV-2,&rdquo; Iwami said. &ldquo;However, our study found that human behavior can also contribute to the virus&#39;s evolution in a more complicated manner, suggesting the need to reevaluate virus evolution.&rdquo;&nbsp;</p>

<p>&nbsp;</p>

<p>Their study suggests the possibility that new strains of coronavirus evolved because of a complex interaction between clinical symptoms and human behavior. The group hopes that their research will speed up the establishment of testing regimes for adaptive treatment, effective screening, and isolation strategies.&nbsp;</p>
",News Release,Peer-Reviewed Publication,2023-11-21 10:00:00,Nagoya University,Non-Profit,Japan,/Health and medicine/Diseases and disorders/Infectious diseases/Microbial infections/Viral infections/COVID 19,"/Social sciences/Psychological science/Behavioral psychology/Human behavior, /Health and medicine/Epidemiology/Infectious disease transmission, /Life sciences/Microbiology/Virology/Viruses/Coronavirus/SARS CoV 2, /Life sciences/Genetics/Molecular genetics/Mutation, /Life sciences/Evolutionary biology/Evolution/Adaptive evolution, /Applied sciences and engineering/Computer science/Computer modeling, /Applied sciences and engineering/Computer science/Artificial intelligence",,1,0,0,,Nature Communications,,,,,Isolation may select for earlier and higher peak viral load but shorter duration in SARS-CoV-2 evolution,,,,2023-11-21
1009461,10.3847/1538-4357/acc6cc,Nagoya University,"The Extreme Space Weather Event of 1872 February: Sunspots, Magnetic Disturbance, and Auroral Displa",2023-11-30,2023-12-01,Nagoya University,fuzzy_title,D,98.01980198019803,2023,2023,1009461,One of the largest magnetic storms in history quantified: Aurorae covered much of the night sky from the Tropics to the Polar Regions,,"<p>An international multidisciplinary team consisting of solar physicists, geophysicists, and historians from nine countries analysed observations of an extreme solar-terrestrial storm reported in historical records from February 1872. Their findings confirm that a moderate sunspot group triggered one of the largest magnetic storms ever recorded, almost covering the entire night sky with colourful aurorae in both hemispheres. If such an extreme storm occurred today, it would severely disrupt modern technological infrastructure. Their study emphasizes the importance of looking at historical records in light of modern scientific knowledge.</p>
","<p>In early November of this year, aurora borealis were observed at surprisingly low latitudes, as far south as Italy and Texas. Such phenomena indicate the impacts of a solar coronal mass ejection on the Earth&#39;s magnetic field and atmosphere. Far more dramatic than this recent light show was, it was nothing compared to a huge solar storm in February 1872. The resulting auroral display from that event ringed the globe and produced auroras observed in sites as close to the equator as Bombay and Khartoum. An international team consisting of scientists from nine counties has now published a detailed study of this historically important event, tracing its solar origin and widespread terrestrial impacts. Telegraph communications were widely disrupted by this storm, but in today&#39;s technologically dependent society, such a storm would disrupt power grids and satellite communications. Their findings confirm that such extreme storms are more common than previously thought.&nbsp;</p>

<p>In the modern world, we are increasingly dependent on technological infrastructure such as power grids, communication systems, and satellites. However, this dependency makes us increasingly vulnerable to the effects of large geomagnetic storms. &ldquo;The longer the power supply could be cut off, the more society, especially those living in urban areas, will struggle to cope,&rdquo; Designated Assistant Professor Hayakawa, the lead author of the study, explains. Such storms could be big enough to knock out the power grid, communication systems, airplanes, and satellites in the worst case. &ldquo;Could we maintain our life without such infrastructure?&rdquo; Hayakawa comments: &ldquo;Well, let us just say that it would be extremely challenging.&rdquo;&nbsp;&nbsp;</p>

<p>Such extreme storms are rare. In recent studies, two such storms stand out: the Carrington storm in September 1859 and the New York Railroad storm in May 1921. The new study suggests that another storm, the Chapman-Silverman storm in February 1872, should also be considered as one of these extreme events. At the time, the storm was big enough to affect the technological infrastructure even in the tropics. Telegraph communications on the submarine cable in the Indian Ocean between Bombay (Mumbai) and Aden were disrupted for hours. Similar disturbances were reported on the land line between Cairo and Khartoum.&nbsp;</p>

<p>The multidisciplinary team, consisting of 22 scientists, was led by Nagoya University in Japan (Hisashi Hayakawa), the US National Solar Observatory (Edward Cliver), and the Royal Observatory of Belgium (Fr&eacute;d&eacute;ric Clette). The 22 researchers used historical records and modern techniques to assess the Chapman-Silverman storm from its solar origin to its terrestrial impacts. For the solar origin, the group turned to largely forgotten sunspot records from historical archives, especially Belgian and Italian records. For terrestrial impacts, they used geomagnetic field measurements recorded in places as diverse as Bombay (Mumbai), Tiflis (Tbilisi), and Greenwich to assess temporal evolution and storm intensity. They also examined hundreds of accounts of visual aurora in different languages caused by the storm.&nbsp;&nbsp;</p>

<p>One of the more interesting aspects of the 1872 storm was that it likely originated in a medium-sized, but complex, sunspot group near the solar disk centre as confirmed by analyses of solar records from Belgium and Italy. These findings suggest that even a medium-sized sunspot group triggered one of the most extreme magnetic storms in history.&nbsp;&nbsp;</p>

<p>Hayakawa and his colleagues extended their investigations of the historical aurorae by combing through records in libraries, archives, and observatories around the world. They identified more than 700 auroral records that indicated that the night sky was illuminated by magnificent auroral displays from the polar regions to the tropics (down to &asymp; 20&deg; in latitude in both hemispheres).&nbsp;&nbsp;</p>

<p>&nbsp;&ldquo;Our findings confirm the Chapman-Silverman storm in February 1872 as one of the most extreme geomagnetic storms in recent history. Its size rivalled those of the Carrington storm in September 1859 and the NY Railroad storm in May 1921,&rdquo; Hayakawa said. &ldquo;This means that we now know that the world has seen at least three geomagnetic superstorms in the last two centuries. Space weather events that could cause such a major impact represent a risk that cannot be discounted.&rdquo;&nbsp;</p>

<p>Hayakawa said: &ldquo;Such extreme events are rare. On the one hand, we are fortunate to have missed such superstorms in the modern time. On the other hand, the occurrence of three such superstorms in 6 decades shows that the threat to modern society is real. Therefore, the preservation and analysis of historical records is important to assess, understand, and mitigate the impact of such events.&rdquo;&nbsp;</p>

<p>Recent auroral displays have been observed from northern Greece and the northern US. Currently, the Sun is approaching the maximum of Solar Cycle 25, predicted to occur in 2025, and we may expect enhanced auroral activity in the coming years.&nbsp;&nbsp;</p>

<p>&nbsp;</p>

<p>&nbsp;</p>

<p>This research involved a collaboration of researchers from nine countries.&nbsp;</p>

<p>Nagoya University, Japan: Hisashi Hayakawa, Keitaro Matsumoto, and Yoshizumi Miyoshi&nbsp;</p>

<p>National Solar Observatory, USA: Edward W. Cliver, Gianna Cauzzi, and Kevin Reardon&nbsp;</p>

<p>Observatoire Royal de Belgique, Belgium: Fr&eacute;d&eacute;ric Clette&nbsp;</p>

<p>Kyoto University, Japan: Yusuke Ebihara&nbsp;</p>

<p>Japan Aerospace Exploration Agency, Japan: Shin Toriumi&nbsp;</p>

<p>Istituto Nazionale di Astrofisica, Osservatorio Astronomico di Roma, Italy: Ilaria Ermolli&nbsp;</p>

<p>Max Planck Institute for Solar System Research, Germany: Theodosios Chatzistergos&nbsp;</p>

<p>Kansai University, Japan: Kentaro Hattori&nbsp;</p>

<p>The University of Colorado Boulder, USA: Delores J. Knipp&nbsp;&nbsp;</p>

<p>Catholic University of America, USA: S&eacute;an P. Blake&nbsp;&nbsp;</p>

<p>University of Graz, Austria: Philippe-A. Bourdin&nbsp;</p>

<p>Austrian Academy of Science, Austria: Dorothea Just&nbsp;&nbsp;</p>

<p>The University of Oulu, Finland: Mikhail Vokhmyanin&nbsp;</p>

<p>Escola Secund&aacute;ria Henrique Medina, Portugal: Jos&eacute; R. Ribeiro and Ana P. Correia&nbsp;</p>

<p>Rutherford Appleton Laboratory, UK: Hisashi Hayakawa, David M. Willis, and Matthew N. Wild&nbsp;</p>

<p>Independent Researcher, USA: Sam M. Silverman&nbsp;</p>
",News Release,Peer-Reviewed Publication,2023-12-01 00:00:00,Nagoya University,Non-Profit,Japan,/Space sciences/Space research,"/Physical sciences/Earth sciences/Atmospheric science/Meteorology/Weather/Storms, /Space sciences/Space weather/Auroras, /Physical sciences/Earth sciences/Geology/Geologic history, /Space sciences/Astronomy/Celestial bodies/Stars/Sun/Sunspot regions, /Applied sciences and engineering/Technology/Telecommunications/Satellite communications, /Applied sciences and engineering/Engineering/Electrical engineering/Electrical power/Electrical power generation/Solar power, /Scientific community/Scientific facilities/Observatories, /Space sciences/Astronomy/Astrophysics/Stellar physics/Solar physics",,3,0,0,,The Astrophysical Journal,,,,,"The Extreme Space Weather Event of February 1872: Sunspots, Magnetic Disturbance, and Auroral Displays",,,,2023-12-01
1030571,10.1002/adfm.202312506,"Hefei Institutes of Physical Science, Chinese Academy of Sciences",Building Near‐Unity Stacked (002) Texture for High‐Stable Zinc Anode,2023-12-21,2024-01-08,"Hefei Institutes of Physical Science, Chinese Academy of Sciences",fuzzy_title,D,97.05882352941177,2024,2024,1030571,Novel strategy stabilizes zinc-ion batteries,,"<p>According to research published in&nbsp;<em>Advanced Functional Materials</em>&nbsp;recently, a team led by Prof. HU Linhua. from Hefei&nbsp;<a href=""http://english.hf.cas.cn/"">Institutes of Physical Science (HFIPS)</a>,&nbsp;<a href=""https://english.cas.cn/"">Chinese Academy of Science (CAS)</a>&nbsp;found that the addition of disodium maleate (DMA) in the electrolyte of aqueous zinc-ion battery would lead to the preferred Zn (002) texture growth, which could effectively inhibit the Zn dendrite growth and ameliorate the reversibility and cyclability of batteries.</p>
","<p style=""text-align:start"">According to research published in&nbsp;<em>Advanced Functional Materials</em>&nbsp;recently, a team led by Prof. HU Linhua. from Hefei&nbsp;<a href=""http://english.hf.cas.cn/"">Institutes of Physical Science (HFIPS)</a>,&nbsp;<a href=""https://english.cas.cn/"">Chinese Academy of Science (CAS)</a>&nbsp;found that the addition of disodium maleate (DMA) in the electrolyte of aqueous zinc-ion battery would lead to the preferred Zn (002) texture growth, which could effectively inhibit the Zn dendrite growth and ameliorate the reversibility and cyclability of batteries.</p>

<p style=""text-align:start"">&quot;That means the DMA can stop harmful zinc dendrites from growing and improve the ability of batteries to be recharged and used multiple times,&quot; said Dr. LI ZHAO Qian, member of the team.</p>

<p style=""text-align:start"">Aqueous zinc-ion batteries (AZIBs) have nowadays stimulated widespread attention for their safety, reliability, and cost-effectiveness. The severe Zn dendrite growth and severe side-reactions have become the major roadblock to the widespread commercialization of AZIBs. The Zn (002) crystal plane owns smooth surface atom arrangement, even interfacial charge density, and low surface energy, favoring the uniform Zn<sup>2+</sup>&nbsp;deposition and better anti-corrosion ability. Therefore, tuning the states of the plated Zn crystal promises to fundamentally obtain highly stable and reversible metal anodes.</p>

<p style=""text-align:start"">In this study, researchers constructed an electrocrystallization strategy to induce Zn (002) texture growth. The adsorption of DMA induces Zn (002) texture growth and inhibits harmful side reactions.</p>

<p style=""text-align:start"">&quot;When we tested the battery, it was able to work for over 3200 hours, even when used at high power levels,&quot; explained Dr. LI Zhaoqian.</p>

<p style=""text-align:start"">They tried it at harsh conditions of 30 mA cm<sup>-2</sup>&nbsp;and 30 mAh cm<sup>-2</sup>. the Zn anode exhibits an ultralong cycling lifespan of 120 h.</p>

<p style=""text-align:start"">They also tested the battery with different materials and found that it worked well with them, even after many cycles. They assembled Zn//Cu batteries with average Coulomb efficiency of 99.81% after 3000 cycles. Meanwhile, the Zn//NH<sub>4</sub>V<sub>4</sub>O<sub>10</sub>&nbsp;full battery delivers a long-term stability with capacity retention of 92.3% after 10000 cycles.</p>

<p style=""text-align:start"">This research tailored the migration behavior of Zn<sup>2+</sup>&nbsp;at different crystal planes by adsorbed DMA molecule layer to induce Zn (002) crystal growth, which provided a promising strategy for achieving the dominant texture of zinc anode at molecule level, and was expected to be applied to other metal anodes.</p>
",News Release,Peer-Reviewed Publication,2024-01-08 03:21:56,"Hefei Institutes of Physical Science, Chinese Academy of Sciences ",Non-Profit,China,/Physical sciences,,,2,0,0,,Advanced Functional Materials,,,,,Building Near-Unity Stacked (002) Texture for High-Stable Zinc Anode,,,,2024-01-08
1036883,10.1039/d3qi02220j,"Hefei Institutes of Physical Science, Chinese Academy of Sciences",Interface-engineered urchin-like CoFe-layered double hydroxide for high-efficiency electrocatalytic,2023-12-30,2024-03-07,"Hefei Institutes of Physical Science, Chinese Academy of Sciences",fuzzy_title,D,92.09302325581396,2024,2024,1036883,Urchin-like CoFe-layered double hydroxide synthesized for high-efficiency electrocatalytic oxygen evolution,,"<p>A research team led by Professor WANG Qi from Hefei Institutes of Physical Science （HFIPS）, Chinese Academy of Sciences, has successfully synthesized a heterogeneous Ce@CoFe-LDH electrocatalyst by combining a simple hydrothermal method with rapid electrodeposition.</p>
","<p>A research team led by Professor WANG Qi from Hefei Institutes of Physical Science （HFIPS）, Chinese Academy of Sciences, has successfully synthesized a heterogeneous Ce@CoFe-LDH electrocatalyst by combining a simple hydrothermal method with rapid electrodeposition.</p>

<p>The results were published in&nbsp;<em>Inorganic Chemistry Frontiers</em>.</p>

<p>Electrochemical water splitting is vital for clean hydrogen energy production. The oxygen evolution reaction (OER) in water splitting is slow due to complex electron transfer steps. Noble metal-based nanomaterials like Ru or Ir are effective OER catalysts but face scarcity and stability issues. Developing stable OER electrocatalysts based on transition metals is crucial for large-scale application.</p>

<p>In this research, by using low concentrations of Ce ions and rapidly depositing them, researchers have successfully created ultrafine Ce(OH)<sub>3</sub>&nbsp;nanoparticles that are evenly distributed on the surface of CoFe-LDH nanowires.</p>

<p>This formation results in the generation of numerous stable active interfaces. The exchange of electrons between ultrafine Ce(OH)<sub>3</sub>&nbsp;nanoparticles and CoFe-LDH nanowires produces an optimal electronic structure on CoFe-LDH&#39;s surface. Consequently, Ce@CoFe-LDH demonstrates remarkable efficiency and stability in facilitating OER.</p>

<p>Moreover, through interface engineering, the energy barrier for the rate-determining step (RDS) of the reaction is reduced, resulting in enhanced catalytic performance and stability.</p>

<p>Furthermore, Ce@CoFe-LDH exhibits superior performance compared to commercial RuO<sub>2</sub>&nbsp;anodes in water splitting, significantly advancing the commercialization prospects of electrocatalytic water splitting technology.</p>

<p>This study gives us new ideas on how to make electrocatalysts that work well for OER so that water can be split on a big scale for clean energy and environmental reasons, according to the team.</p>
",News Release,Peer-Reviewed Publication,2024-03-07 08:15:12,"Hefei Institutes of Physical Science, Chinese Academy of Sciences ",Non-Profit,China,/Physical sciences,,,1,0,0,,Inorganic Chemistry Frontiers,,,,,Interface-engineered urchin-like CoFe-layered double hydroxide for high-efficiency electrocatalytic oxygen evolution,,,,2024-03-07
1037164,10.1038/s41561-024-01404-6,Chinese Academy of Sciences Headquarters,Remnants of shifting early Cenozoic Pacific lower mantle flow imaged beneath the Philippine Sea Plat,2024-03-12,2024-03-12,Chinese Academy of Sciences Headquarters,fuzzy_title,D,99.50248756218906,2024,2024,1037164,Seismological study shows ancient lower mantle flow field under Philippine sea plate,,"<p style=""text-align:left"">Researchers from China and Japan have discovered distinct characteristics of the lower mantle flow field. They investigated seismic anisotropy in the upper part of the lower mantle beneath the Philippine Sea Plate (PSP) and found that the ancient lower mantle flow field is still preserved there.</p>
","<p style=""text-align:left"">Researchers from China and Japan have discovered distinct characteristics of the lower mantle flow field. They investigated seismic anisotropy in the upper part of the lower mantle beneath the Philippine Sea Plate (PSP) and found that the ancient lower mantle flow field is still preserved there.</p>

<p style=""text-align:left"">The study was published in <em>Nature Geoscience</em>.</p>

<p style=""text-align:left"">The lower mantle is an important layer of the Earth and may play an important role in the evolution and material cycling of Earth&#39;s interior. It is generally believed to be not only the final destination of subducted slabs, but also the birthplace of mantle plumes, which are two major styles in the evolution and material cycling of the Earth&#39;s surface and interior. However, our knowledge of the characteristics of the flow field and geodynamics of the lower mantle is still deficient.</p>

<p style=""text-align:left"">In this study, the researchers performed P-wave azimuthal anisotropy tomography to image the 3D anisotropic structure of the crust and mantle down to a depth of 1,600 km beneath the PSP. The tomographic results show that N-S fast velocity directions (FVDs) exist at depths of 700&ndash;900 km below the mid-PSP. They also observed two isolated fast velocity anomalies with NW-SE FVDs at depths of 700&ndash;1,600 km beneath the PSP.</p>

<p style=""text-align:left"">They found that the N-S FVDs at depths of 700&ndash;900 km are not related to the slab subduction, because they occur away from the present subduction zones. They are also independent of a mantle plume, as there has been no active mantle plume beneath the PSP since the early Cenozoic.</p>

<p style=""text-align:left"">Based on previous geodynamic simulations and seismological results, the researchers inferred that the N-S FVDs at depths of 700&ndash;900 km reflect the remnant Pacific lower mantle flow field at about 50 Ma.</p>

<p style=""text-align:left"">In addition, the two isolated fast velocity anomalies are consistent with seismic scatterers at depths of 1,000&ndash;1,800 km detected by previous seismological studies, and their locations are generally consistent with that of the spreading center between the Izanagi and Pacific plates when this spreading center was about to subduct beneath the Eurasian Plate. Thus, the isolated fast velocity anomalies are inferred to be remnants of the subducted Izanagi slab.</p>

<p style=""text-align:left"">&quot;The NW-SE FVDs in the two isolated fast anomalies are further inferred to reflect the Pacific lower mantle flow field at about 40 Ma, because the two isolated fast velocity anomalies are surrounded by amorphous mantle flow field and are not affected by the present lower mantle flow,&quot; said Prof. FAN Jianke from the Institute of Oceanology of the Chinese Academy of Sciences (IOCAS), first and corresponding author of the study.</p>

<p style=""text-align:left"">&quot;Our study shows that seismic anisotropy is more widespread in the lower mantle than previously thought,&quot; said Prof. FAN. &quot;These observations also provide important and independent seismic evidence for the existence of past deformation in the lower mantle, which can help us better understand the geodynamic properties of the lower mantle.&quot;</p>

<p>This study was supported by the National Natural Science Foundation of China, the Strategic Priority Research Program of CAS, and the Japan Society for the Promotion of Science, etc.</p>
",News Release,Peer-Reviewed Publication,2024-03-12 10:00:00,Chinese Academy of Sciences Headquarters,Non-Profit,China,/Physical sciences/Earth sciences/Geophysics/Seismology,"/Physical sciences/Earth sciences/Geology/Physical geology/Earth structure/Lithosphere/Upper mantle, /Physical sciences/Earth sciences/Geology/Physical geology/Earth structure/Earth mantle/Mantle slabs, /Physical sciences/Earth sciences/Geophysics/Plate tectonics/Tectonic plates, /Physical sciences/Earth sciences/Oceanography, /Physical sciences/Earth sciences/Geophysics/Geodynamics, /Research methods/Imaging/Tomography, /Physical sciences/Earth sciences/Geology/Physical geology/Earth structure/Lithosphere/Earth surface",,2,0,0,,Nature Geoscience,,,Not applicable,Experimental study,Remnants of shifting early Cenozoic Pacific lower mantle flow imaged beneath the Philippine Sea Plate,,,,2024-03-12
1040413,10.1038/s41556-024-01401-2,Nagoya University,Endogenous aldehyde-induced DNA–protein crosslinks are resolved by transcription-coupled repair,2024-04-10,2024-04-10,Nagoya University,fuzzy_title,D,98.94736842105263,2024,2024,1040413,Impact of aldehydes on DNA damage and aging,,"Researchers at Nagoya University in Japan have discovered the connection between aldehydes, organic compounds produced by cells as part of metabolic processes, and rapid aging. Their findings indicate a potential treatment for diseases that lead to accelerated aging as well as a means to counteract aging in healthy people by controlling exposure to aldehyde-inducing substances including alcohol, pollution, and smoke.","<p>A team of researchers at Nagoya University in Japan has discovered that aldehydes are metabolic byproducts associated with premature aging. Published in Nature Cell Biology, their findings reveal insights into premature aging diseases and potential strategies to combat aging in healthy individuals such as controlling exposure to aldehyde-inducing substances including alcohol, pollution, and smoke.&nbsp;</p>

<p>A person&#39;s health can be harmed by aldehydes. However, the group&rsquo;s findings suggest these detrimental effects also include aging. The team who made this discovery included Yasuyoshi Oka, Yuka Nakazawa, Mayuko Shimada, and Tomoo Ogi of Nagoya University.&nbsp;</p>

<p>&ldquo;DNA damage is linked with aging phenotypes,&rdquo; said Oka. &ldquo;However, for the first time, we propose a relationship between aldehyde-derived DNA damage and premature aging.&rdquo;&nbsp;&nbsp;</p>

<p>The researchers hypothesized that there might be a link between aldehydes and aging since individuals with premature aging disorders, like AMeD syndrome, exhibit inadequate activity of enzymes, like ALDH2, that break down aldehydes.&nbsp;&nbsp;</p>

<p>For healthy individuals, ALDH2 is also important in our response to alcohol. When a person drinks wine or beer, the liver metabolizes the alcohol into aldehydes so it can be eliminated from the body. The activity of ALDH2 is important for converting the aldehydes into a non-toxic substance.&nbsp;</p>

<p>Aldehydes are harmful because they are highly reactive with DNA and proteins. In the body, they form DNA-protein crosslinks (DPCs) that block important enzymes in typical cell proliferation and maintenance processes, causing these processes to malfunction and the patient to age.&nbsp;&nbsp;</p>

<p>Focusing on DPCs caused by aldehyde, the scientists used a method called DPC-seq to investigate the link between aldehyde accumulation and DNA damage in premature-aging disease patients. In a series of experiments, the researchers discovered that the TCR complex, VCP/p97, and the proteasome are involved in the removal of formaldehyde-induced DPCs in actively transcribed regions. This was confirmed by a mouse model lacking both aldehyde clearance processes and the TCR pathway that showed worse AMeD syndrome symptoms.&nbsp;&nbsp;</p>

<p>These processes are important because they are related to the clearance of aldehydes. It suggests an association between premature aging diseases and aldehyde accumulation.&nbsp;</p>

<p>Professor Ogi is hopeful about the implications of their findings, stating: &quot;By elucidating the mechanism by which DNA damage heals quickly, we have revealed part of the cause of genetic premature aging.&rdquo;&nbsp;&nbsp;</p>

<p>&ldquo;Our research opens up new avenues for understanding the underlying mechanisms of premature aging diseases and offers potential targets for therapeutic intervention,&rdquo; Oka said. &ldquo;By elucidating the role of aldehydes in DNA damage and aging, we are paving the way for future studies aimed at developing novel treatments and interventions.&quot;&nbsp;</p>

<p>He continued: &ldquo;The development of therapeutic drugs has not progressed because we have not fully understood the causes of AMeD syndrome and Cockayne syndrome. This study suggests that the patient&#39;s pathological condition is related to DPC derived from aldehydes generated within cells. These results are expected to help in the search for compounds that remove aldehydes, thus aiding in the formulation of therapeutic drug candidates.&rdquo;&nbsp;</p>

<p>This research has implications that extend beyond genetic diseases, as their findings suggest that aldehyde-induced DNA damage may play a role in the aging process in healthy individuals too. By pinpointing aldehydes as substances that contribute to aging, this study sheds light on the intricate connection between environmental factors and cellular aging. This may have significant implications for human health and lifespan.&nbsp;</p>
",News Release,Peer-Reviewed Publication,2024-04-10 09:00:00,Nagoya University,Non-Profit,Japan,/Physical sciences/Chemistry/Chemical compounds/Organic compounds/Aldehydes,"/Life sciences/Biochemistry/Metabolism, /Health and medicine/Medical specialties/Pathology/Disease progression, /Life sciences/Cell biology/Cellular physiology/Cellular processes, /Applied sciences and engineering/Environmental sciences/Environmental engineering/Environmental management/Pollution control, /Life sciences/Cell biology/Cellular physiology/Cell responses/DNA damage responses, /Life sciences/Biochemistry/Enzymology/Enzymes",,1,0,0,,Nature Cell Biology,,,,,Endogenous aldehyde-induced DNA-protein crosslinks are resolved by transcription-coupled repair,,,,2024-04-10
1041371,10.1002/advs.202400781,"Hefei Institutes of Physical Science, Chinese Academy of Sciences",Multiemitting Ultralong Phosphorescent Carbonized Polymer Dots via Synergistic Enhancement Structure,2024-03-29,2024-04-16,"Hefei Institutes of Physical Science, Chinese Academy of Sciences",fuzzy_title,D,96.61835748792271,2024,2024,1041371,Novel method developed for phosphorescent multi-color carbon dots,,"Recently, the research team led by JIANG Changlong from Hefei Institutes of Physical Science of Chinese Academy of Sciences devised a novel method to prepare carbonized polymer nanodots capable of emitting multi-color ultra-long Room-temperature phosphorescent (RTP) from blue to green.","<p>Recently, the research team led by JIANG Changlong from Hefei Institutes of Physical Science of Chinese Academy of Sciences devised a novel method to prepare carbonized polymer nanodots capable of emitting multi-color ultra-long Room-temperature phosphorescent (RTP) from blue to green.</p>

<p>&quot;These materials exhibit potential applications in anti-counterfeiting and information encryption,&quot; said ZHANG&nbsp;Qipeng, member of the team.</p>

<p>The research findings have been published in&nbsp;<em>Advanced Science</em>.</p>

<p>RTP materials glow even after the light source is removed, making them valuable for various uses like security features, data protection, displays, and medical imaging. Carbon dots (CDs) are a kind of RTP material known for being easy to make, stable under light, and safe. But making bright and long-lasting RTP materials with CDs is tough due to non-radiative loss of energy. Also, it&#39;s hard to get different phosphorescent colors from single carbon dots materials, limiting their use. Therefore, the development of multi-color, long-lived, and high quantum yield RTP carbon dots materials is imperative.</p>

<p>The method developed in this research is to synthesize carbonized polymer nanodots using ortho-phenylenediamine (oPD) and polyacrylic acid (PAA) hydrothermal synthesis. Researchers mixed some chemicals called ortho-phenylenediamine (oPD) and polyacrylic acid (PAA) together in hot water to make these dots. Then, they baked these dots with boron oxide (B<sub>2</sub>O<sub>3</sub>) to make them glow for a long time, from blue to green.</p>

<p>Adding oPD made these CDs glow in different phosphorescent colors because of the doping of nitrogen element. PAA, which is a long chain of molecules, made these CDs act like other carbonized polymer nanodots made from polymers. The long-chain cross-linking structures of these polymers fix the luminescent groups inside carbonized polymer dots through covalent bonds and hydrogen bonds, reducing non-radiative losses and thereby enhancing the phosphorescence of CDs.</p>

<p>The boron oxide, which is like a hard shell around the CDs, also helped keep the phosphorescent engry from non-radiative losses. The synergistic effect of cross-linked polymer structures inside carbon dots and their rigid shells enables these carbon dots to exhibit excellent phosphorescence, with a visible duration of up to 49 seconds and a maximum phosphorescence quantum yield of 19.5%. They also demonstrate remarkable resistance to photobleaching. As a result, these carbon dot materials hold great promise for applications in anti-counterfeiting and information encryption.</p>

<p>This research not only improves our understanding of RTP materials but also paves the way for creating versatile and high-performance materials for security and data protection, according to the team.</p>
",News Release,Peer-Reviewed Publication,2024-04-16 08:51:46,"Hefei Institutes of Physical Science, Chinese Academy of Sciences ",Non-Profit,China,/Physical sciences,,,2,0,0,,Advanced Science,,,,,Multiemitting Ultralong Phosphorescent Carbonized Polymer Dots via Synergistic Enhancement Structure Design,,,,2024-04-16
1042881,10.1016/j.talanta.2024.125907,"Hefei Institutes of Physical Science, Chinese Academy of Sciences",Online water vapor removal membrane inlet mass spectrometer for high-sensitivity detection of dissol,2024-03-11,2024-04-29,"Hefei Institutes of Physical Science, Chinese Academy of Sciences",fuzzy_title,D,94.7867298578199,2024,2024,1042881,Underwater mass spectrometry achieves 500-fold sensitivity enhancement for dissolved methane detection,,"A research team led by Prof. CHEN Chilai from Hefei Institutes of Physical Science of Chinese Academy of Sciences, amplified the detection sensitivity of dissolved methane in water by over 500 times, surpassing 500-fold enhancement, thus reaching baseline methane detection levels in oceans and lakes.","<p>A research team led by Prof. CHEN Chilai from Hefei Institutes of Physical Science of Chinese Academy of Sciences, amplified the detection sensitivity of dissolved methane in water by over 500 times, surpassing 500-fold enhancement, thus reaching baseline methane detection levels in oceans and lakes.</p>

<p>The research was published in&nbsp;<em>Talanta</em>.</p>

<p>Monitoring ocean methane emissions is vital for understanding climate change and exploring clean energy sources like natural gas hydrates. However, existing data on dissolved methane in the ocean remain limited, leading to significant uncertainties in estimating oceanic methane flux due to sensitivity limitations. While deep-sea mass spectrometry serves as a crucial tool for rapid detection of dissolved gases in the ocean, its limited sensitivity restricts its application to specific regions or anomalous events.</p>

<p>In this research, the team developed a small-volume, low-power online water removal system to address challenges such as high gas content in samples and limited space in detection instruments. By optimizing the gas sampling route design and integrating it into the Intelligent Microsystem Laboratory&#39;s Underwater Mass Spectrometry (ims-UMS), they achieved a significant improvement in detection sensitivity. The methane detection limit plummeted from above 16 nmo/L to a remarkable 0.03 nmol/L, exceeding a 500-fold enhancement.</p>

<p>The team&#39;s dedication to deep-sea mass spectrometry, Micro-electromechanical systems technology, and intelligent microsystem technology played crucial role in this breakthrough.</p>

<p>This research lays an important technological foundation for further methane flux calculations, global climate research, plume tracking, and cold seep discovery, according to the team.</p>
",News Release,Peer-Reviewed Publication,2024-04-29 02:12:01,"Hefei Institutes of Physical Science, Chinese Academy of Sciences ",Non-Profit,China,/Applied sciences and engineering,,,1,0,0,,Talanta,,,,,Online water vapor removal membrane inlet mass spectrometer for high-sensitivity detection of dissolved methane,,,,2024-04-29
1046287,10.1002/smll.202308690,"Hefei Institutes of Physical Science, Chinese Academy of Sciences",Phase‐Tunable Molybdenum Boride Ceramics as an Emerging Sensitive and Reliable SERS Platform in Hars,2024-03-12,2024-05-29,"Hefei Institutes of Physical Science, Chinese Academy of Sciences",fuzzy_title,D,92.5233644859813,2024,2024,1046287,Molybdenum boride ceramics developed for harsh environment SERS detection,,"A research team, led by Prof. HUANG Zhulin at the Institute of Solid State Physics, Hefei Institutes of Physical Science of the Chinese Academy of Sciences, along with researchers from the University of Massachusetts Amherst, successfully synthesized three different crystalline phases of molybdenum boride with a strong Raman signal enhancement performance.","<p>A research team, led by Prof. HUANG Zhulin at the Institute of Solid State Physics, Hefei Institutes of Physical Science of the Chinese Academy of Sciences, along with researchers from the University of Massachusetts Amherst, successfully synthesized three different crystalline phases of molybdenum boride with a strong Raman signal enhancement performance.</p>

<p>These findings were published in the journal of&nbsp;<em>Small</em>.</p>

<p>Surface-enhanced Raman scattering (SERS) is a rapid and non-destructive detection method widely used in various fields including trace pollutant monitoring, food safety, chemical catalysis, and molecular fingerprint identification. However, most noble metal SERS materials are costly and exhibit poor physical and chemical stability, especially under extreme conditions such as high temperatures and strong corrosive environments, where SERS enhancement effect diminishes rapidly.</p>

<p>In this study, researchers leveraged the characteristics of transition metal borides, which can endure extreme conditions like high temperatures, strong acids, and strong bases, to synthesize three molybdenum boride ceramic powders (&beta;-MoB, MoB<sub>2</sub>, and Mo<sub>2</sub>B<sub>5</sub>) based on liquid-phase precursor and carbo/borothermal reduction. The SERS performance of these molybdenum borides was evaluated using Rhodamine 6G (R6G) probes, and the results indicated that &beta;-MoB exhibits SERS enhancement of 5 orders of magnitude that comparable to Au nanoparticles. The excellent SERS enhancement performance of &beta;-MoB can be attributed to its higher adsorption energy for R6G molecules and significant charge interactions between them.</p>

<p>Furthermore, researchers investigated the impact of strong acid and strong base solutions as well as high-temperature oxidation on the SERS activity of molybdenum borides. The molybdenum boride ceramics powders were immersed in solutions of different pH and oxidized at 1000 &deg;C for 30 min under an oxygen atmosphere. The test results indicated that the SERS effect of molybdenum borides could be well maintained even when exposed to such corrosive environments and high temperature.</p>

<p>This work clarifies the phase control methodology and SERS enhancement mechanism of molybdenum boride ceramics, expanding the selection range of SERS active materials from noble metals and semiconductors to ultra-high temperature ceramic materials, which are expected to be used for optical sensing and detection in extreme environments.</p>
",News Release,Peer-Reviewed Publication,2024-05-29 02:33:12,"Hefei Institutes of Physical Science, Chinese Academy of Sciences ",Non-Profit,China,/Physical sciences,,,1,0,0,,Small,,,,,Phase-Tunable Molybdenum Boride Ceramics as an Emerging Sensitive and Reliable SERS Platform in Harsh Environments,,,,2024-05-29
1046136,10.1038/s41586-024-07497-8,University of Tokyo,Structural basis for pegRNA-guided reverse transcription by a prime editor,2024-05-29,2024-05-29,University of Tokyo,fuzzy_title,D,96.0,2024,2024,1046136,Editing without “cutting”: Molecular mechanisms of new gene-editing tool revealed,"Researchers elucidate the spatial structure and molecular mechanisms of “prime editor,” a novel gene-editing tool","<p>Joint research led by Yutaro Shuto, Ryoya Nakagawa, and Osamu Nureki of the University of Tokyo determined the spatial structure of various processes of a novel gene-editing tool called &ldquo;prime editor.&rdquo; Functional analysis based on these structures also revealed how a &ldquo;prime editor&rdquo; could achieve reverse transcription, synthesizing DNA from&nbsp;RNA,&nbsp;without &ldquo;cutting&rdquo; both strands of the double helix. Clarifying these molecular mechanisms contributes&nbsp;greatly&nbsp;to designing gene-editing tools accurate enough for gene therapy treatments. The findings&nbsp;were published&nbsp;in the journal&nbsp;<em>Nature</em>.</p>
","<p>Joint research led by Yutaro Shuto, Ryoya Nakagawa, and Osamu Nureki of the University of Tokyo determined the spatial structure of various processes of a novel gene-editing tool called &ldquo;prime editor.&rdquo; Functional analysis based on these structures also revealed how a &ldquo;prime editor&rdquo; could achieve reverse transcription, synthesizing DNA from&nbsp;RNA,&nbsp;without &ldquo;cutting&rdquo; both strands of the double helix. Clarifying these molecular mechanisms contributes&nbsp;greatly&nbsp;to designing gene-editing tools accurate enough for gene therapy treatments. The findings&nbsp;were published&nbsp;in the journal&nbsp;<em>Nature</em>.</p>

<p>The 2020 Nobel Prize in Chemistry&nbsp;was awarded&nbsp;to&nbsp;Jennifer Doudna and Emmanuelle Charpentier for developing a groundbreaking yet simple way to edit DNA, the &ldquo;blueprint&rdquo; of living organisms. While their discovery opened new avenues for research, the accuracy of the method and safety concerns about &ldquo;cutting&rdquo; both strands of DNA limited its use for gene therapy treatments. As such, research has been underway to develop tools that do not have these drawbacks.&nbsp;</p>

<p>The prime editing system is one such tool, a molecule complex consisting of two components. One component is the prime editor, which combines a SpCas9 protein, used in the first CRISPR-Cas gene editing technology, and a reverse transcriptase, an enzyme that transcribes RNA into DNA. The second component is the prime editing guide RNA (pegRNA), a modified guide RNA that identifies the target sequence within the DNA and encodes the desired edit. In this complex, the prime editor works like a &ldquo;word processor,&rdquo; accurately replacing genomic information. The tool has already&nbsp;been successfully implemented&nbsp;in living cells of organisms such as plants, zebrafish, and mice. However, precisely how this molecule complex executes each step of the editing process has not been clear,&nbsp;mostly&nbsp;due to a lack of information on its spatial structure.</p>

<p>&ldquo;We became curious about how the unnatural combination of proteins Cas9 and reverse transcriptase work together,&rdquo; says Shuto, the&nbsp;first author of the paper.</p>

<p>The research team used cryogenic electron microscopy, an imaging technique that makes observations possible at a near-atomic scale. The method required samples to be in glassy ice to protect them from the potential damage by the electron beams, posing some additional challenges.</p>

<p>&ldquo;We found the prime editor complex&nbsp;to be&nbsp;unstable under experimental conditions,&rdquo; explains Shuto.&nbsp;&ldquo;So,&nbsp;it was very challenging to optimize&nbsp;the conditions for the complex to stay stable.&nbsp;For a long time, we could only determine the structure of Cas9.&rdquo;</p>

<p>Finally&nbsp;overcoming&nbsp;the challenges, the researchers&nbsp;succeeded in determining&nbsp;the three-dimensional structure of the prime editor complex in multiple states during reverse transcription on the target DNA. The structures revealed that the reverse transcriptase bound to the RNA&ndash;DNA complex that formed along the &ldquo;part&rdquo; of the Cas9 protein associated with DNA cleavage, the splitting of a single strand of the double helix. While performing the reverse transcription, the reverse transcriptase maintained its position relative to the Cas9 protein. The structural and biochemical analyses also indicated that the reverse transcriptase could lead to additional, undesired insertions.</p>

<p>These findings have opened new avenues for both basic and applied research. So, Shuto lays out the next steps.</p>

<p>&ldquo;Our structure determination strategy in this study can also be applied&nbsp;to prime editors composed of a different Cas9 protein and reverse transcriptase.&nbsp;We want to utilize the newly obtained structural information to&nbsp;lead to the development of&nbsp;improved prime editors.&rdquo;</p>
",News Release,Peer-Reviewed Publication,2024-05-29 15:00:00,"School of Science, The University of Tokyo",Non-Profit,Japan,/Life sciences/Biochemistry/Biomolecules/Biomolecular structure,"/Life sciences/Biochemistry/Protein functions/Protein analysis/Protein structure, /Applied sciences and engineering/Technology/Tools, /Life sciences/Biochemistry/Protein functions/Protein analysis/Protein complexes, /Life sciences/Biochemistry/Biomolecules/Enzymes/Reverse transcriptase, /Physical sciences/Chemistry/Molecular chemistry/Molecules/Molecular structure, /Life sciences/Biochemistry/Biochemical processes, /Life sciences/Biochemistry/Biomolecules/Nucleic acids/RNA/RNA processing, /Physical sciences/Chemistry/Molecular chemistry/Molecular mechanisms",,2,0,0,,Nature,,10.1038/s41586-024-07497-810.1,Not applicable,Experimental study,Structural basis for pegRNA-guided reverse transcription by the prime editor,,10.1038/s41586-024-07497-810.1,10.1038/s41586-024-07497-810.1,2024-05-29
1050734,10.1016/j.ensm.2024.103525,"Hefei Institutes of Physical Science, Chinese Academy of Sciences",Non-sacrificial anionic surfactant with high HOMO energy level as a general descriptor for zinc anod,2024-05-29,2024-07-09,"Hefei Institutes of Physical Science, Chinese Academy of Sciences",fuzzy_title,D,99.50248756218906,2024,2024,1050734,Novel strategy stabilizes zinc-ion batteries,,"According to research published in&nbsp;<em>Energy Storage Materials</em>&nbsp;recently, a team led by Prof. HU Linhua from Hefei Institutes of Physical Science of Chinese Academy of Sciences proposed a general principle through evaluating the highest occupied molecular orbital (HOMO) energy level of molecules and employed it as a critical descriptor to select non-sacrificial anionic surfactant electrolyte additives for stabilizing Zn anodes, realizing sustainable regulation effect with inhibited Zn dendrite growth and side-reactions.","<p>According to research published in&nbsp;<em>Energy Storage Materials</em>&nbsp;recently, a team led by Prof. HU Linhua from Hefei Institutes of Physical Science of Chinese Academy of Sciences proposed a general principle through evaluating the highest occupied molecular orbital (HOMO) energy level of molecules and employed it as a critical descriptor to select non-sacrificial anionic surfactant electrolyte additives for stabilizing Zn anodes, realizing sustainable regulation effect with inhibited Zn dendrite growth and side-reactions.</p>

<p>&quot;That means the anionic surfactant electrolyte additive sodium dodecyl benzene sulfonate (SDBS) with high HOMO energy level can stop harmful zinc dendrites from growing and make the batteries better at being recharged and reused,&quot; said Dr. LI ZHAO Qian, member of the team.</p>

<p>Aqueous zinc-ion batteries (AZIBs) have nowadays stimulated widespread attention for their safety, reliability, and cost-effectiveness. The severe Zn dendrite growth and severe side-reactions have become the major roadblock to the widespread commercialization of AZIBs. Anionic surfactants, as a category of typical non-sacrificial additives, have a long history of application in metallurgy as corrosion-inhibiting and deestering agents for Zn plating. Therefore, choosing a suitable anionic surfactant additive promises to fundamentally obtain highly stable and reversible metal anodes.</p>

<p>In this study, researchers proposed and demonstrated a general descriptor by evaluating HOMO energy level to select non-sacrificial surfactant additives of electrolyte for stabilizing Zn anodes. Three typical anionic surfactants molecules including SDBS, sodium dodecyl sulfonate (SDS), and sodium p-ethylbenzene sulfonate (SEBS) with non-sacrificial behaviors and different HOMO energy levels are chosen as additives, and the influence of HOMO energy levels on coordination and adsorption effects are investigated for the first time. Experimental and calculational results demonstrate that SDBS with the highest HOMO energy level exhibits the strongest coordination and adsorption effects, which extremely improves the stability and reversibility of Zn anode.</p>

<p>&quot;The battery worked for over 3200 hours in the test, even at high power levels, which is 30 times longer than with the original electrolyte,&quot; explained Dr. LI Zhaoqian.</p>

<p>They also tested the battery with different materials and found that it worked well with them, even after many cycles. They assembled Zn//Cu batteries with average Coulomb efficiency of 98.15% after 800 cycles. Meanwhile, the Zn//NH<sub>4</sub>V<sub>4</sub>O<sub>10</sub>&nbsp;full battery delivers a long-term stability with capacity retention of 93.5% after 8000 cycles.</p>

<p>This research provided a promising strategy for screening optimal electrolyte additives for high performance AZIBs, and was expected to be applied to other metal batteries, according to the team.</p>
",News Release,Peer-Reviewed Publication,2024-07-09 08:25:26,"Hefei Institutes of Physical Science, Chinese Academy of Sciences ",Non-Profit,China,/Physical sciences,,,1,0,0,,Energy Storage Materials,,,,,Non-sacrificial anionic surfactant with high HOMO energy level as a general descriptor for zinc anode,,,,2024-07-09
1050703,10.1016/j.jhazmat.2024.135066,"Hefei Institutes of Physical Science, Chinese Academy of Sciences",Photo-induced protonation assisted nano primary battery for highly efficient immobilization of diver,2024-06-27,2024-07-09,"Hefei Institutes of Physical Science, Chinese Academy of Sciences",fuzzy_title,D,91.32420091324201,2024,2024,1050703,Researchers design nano primary battery system for remediating diverse heavy metal ions,,"A team led by Prof. WU Zhengyan and ZHANG Jia from the Hefei Institutes of Physical Science of the Chinese Academy of Sciences, has synthesized a versatile, broad-spectrum Fe/Cu primary battery-based nanocomposite with photo-induced protonation effect to immobilize diverse heavy metal ions. This system has a large number of active sites, which makes it have a strong trapping and immobilization effect on Highly-stable heavy metal ions (HMIs).","<p>A team led by Prof. WU Zhengyan and ZHANG Jia from the Hefei Institutes of Physical Science of the Chinese Academy of Sciences, has synthesized a versatile, broad-spectrum Fe/Cu primary battery-based nanocomposite with photo-induced protonation effect to immobilize diverse heavy metal ions. This system has a large number of active sites, which makes it have a strong trapping and immobilization effect on Highly-stable heavy metal ions (HMIs).</p>

<p>The results were published in&nbsp;<em>Journal of Hazardous Materials</em>.</p>

<p>HMIs appear long-term damage, while the existing remediation strategies struggle to effectively remove a variety of oppositely charged HMIs without releasing toxic substances. To address this, researchers are constructing a primary battery-based nanocomposite, with photo-induced protonation effect, for effectively consolidating oppositely charged HMIs, which tackles an environmental application challenge.</p>

<p>In this research, the team fabricated a primary battery firstly, they then modified the graphite oxide (GO) with ethylenediaminetetraacetic acid (EDTA) and the photo-protonated molecule 2-nitrobenzaldehyde (2-NBA), fabricating a Fe/Cu primary battery-based nanocomposite (FCPBN) with photo-induced protonation effect. These formulations further enhance the adsorption of HMIs and proton-induced precipitation reactions.</p>

<p>Additionally, the FCPBN exhibits splendid removal performance on scavenging HMIs from water including Cr(VI), As(III), Cd(II), Pb(II), Mn(II), Zn(II), Co(II), Ni(II), and Cu(II) to trace levels, meeting the standards of drinking water in China (GB 5749-2022), also has a better remediation of Cr(VI)- and Cd(II)-contaminated soil collected from Chizhou, Anhui Province.</p>

<p>&quot;This innovation approach could lead to more efficient and environment-friendly HMIs remediate in future, supporting sustainable environment development,&quot; said GE Hongjian, first author of the paper.</p>
",News Release,Peer-Reviewed Publication,2024-07-09 02:37:10,"Hefei Institutes of Physical Science, Chinese Academy of Sciences ",Non-Profit,China,/Physical sciences,,,1,0,0,,Journal of Hazardous Materials,,,,,Photo-induced protonation assisted nano primary battery for highly efficient immobilization of diverse heavy metal ions,,,,2024-07-09
1053391,10.3390/nu16132076,Osaka Metropolitan University,Ecklonia cava Polyphenols Have a Preventive Effect on Parkinson’s Disease through the Activation of,2024-06-28,2024-08-05,Osaka Metropolitan University,fuzzy_title,D,90.41095890410959,2024,2024,1053391,Preventing Parkinson’s disease may lie in seaweed antioxidants,"Ecklonia cava, a brown algae seaweed, is shown to have the ability to protect against neurodegeneration ","<p>An Osaka Metropolitan University-led research team has examined the effect of <em>Ecklonia cava</em> polyphenols on the prevention of Parkinson&rsquo;s disease. It was found that the oral intake of the seaweed antioxidants restores motor function and protects dopaminergic neurons in model mice, while cellular experiments revealed the biochemical interaction of their preventive effect.</p>
","<p style=""text-align:justify"">Parkinson&rsquo;s disease is a neurodegenerative disease caused by the loss of neurons that produce dopamine, a neurotransmitter involved in motor control and cognitive function. As the global population ages, the number of Parkinson&#39;s disease patients is rapidly increasing. Parkinson&#39;s disease is induced by neuronal damage due to excessive production of reactive oxygen species.</p>

<p style=""text-align:justify"">Suppression of reactive oxygen species generation is essential because it is fatal to dopaminergic neurons that manage dopamine neurotransmitters. Currently, only symptomatic treatment is available, so the development of treatment regimens and prevention methods is necessary.</p>

<p>Fortunately, Associate Professor Akiko Kojima-Yuasa of Osaka Metropolitan University&rsquo;s Graduate School of Human Life and Ecology led a research group that has verified the physiological effect of <em>Ecklonia cava</em> polyphenols, seaweed antioxidants, on the prevention of Parkinson&rsquo;s disease.</p>

<p>In this study, two types of motor function tests were conducted using Parkinson&rsquo;s disease model mice that were orally fed the antioxidants daily for one week and then administered rotenone. Results showed that motor function, which was decreased by rotenone, was restored. There was also improvement in intestinal motor function and the colon mucosa structure, a special tissue that covers the colon.</p>

<p>Further, cellular experiments using Parkinson&rsquo;s disease model cells verified the biochemical interaction of the preventive effect of <em>Ecklonia cava</em>. Validation results showed that the antioxidants activate the AMPK enzyme (adenosine monophosphate-activated protein kinase), an intracellular energy sensor, and inhibit the production of reactive oxygen species that cause neuronal cell death.</p>

<p>&ldquo;This study suggests that <em>Ecklonia cava</em> antioxidants may reduce neuronal damage by AMPK activation and inhibiting intracellular reactive oxygen species production,&rdquo; stated Professor Kojima-Yuasa. &ldquo;It is hoped that <em>Ecklonia cava</em> will be an effective ingredient in the prevention of Parkinson&rsquo;s disease.&rdquo;</p>

<p>###</p>

<p><strong>About OMU</strong></p>

<p style=""text-align:left"">Established in Osaka as one of the largest public universities in Japan, Osaka Metropolitan University is committed to shaping the future of society through &ldquo;Convergence of Knowledge&rdquo; and the promotion of world-class research. For more research news, visit <a href=""https://www.omu.ac.jp/en/"" target=""_blank"">https://www.omu.ac.jp/en/</a> and follow us on social media: <a href=""https://twitter.com/OsakaMetUniv_en"">X</a>, <a href=""https://www.facebook.com/OsakaMetUniv.en/"">Facebook</a>, <a href=""https://www.instagram.com/osakametuniv_en/"">Instagram</a>, <a href=""https://www.linkedin.com/school/osaka-metropolitan-university/"">LinkedIn</a>.</p>
",News Release,Peer-Reviewed Publication,2024-08-05 05:00:25,Osaka Metropolitan University,Non-Profit,Japan,/Health and medicine,"/Health and medicine/Medical specialties/Pathology/Disease control, /Life sciences/Neuroscience/Clinical neuroscience/Neurology/Neurological disorders/Neurodegenerative diseases/Parkinsons disease, /Physical sciences/Chemistry/Molecular chemistry/Molecules/Antioxidants, /Social sciences/Psychological science/Cognitive psychology/Cognition/Cognitive function, /Life sciences/Plant sciences/Plants/Aquatic plants/Marine plants/Seaweeds, /Life sciences/Neuroscience/Cellular neuroscience/Neurons/Dopaminergic neurons, /Life sciences/Computational biology/Biological models/Cell models, /Life sciences/Neuroscience/Neuroinformatics/Neural modeling, /Physical sciences/Chemistry/Chemical processes/Redox processes/ROS production, /Physical sciences/Chemistry/Molecular chemistry/Molecules/Reactive oxygen species, /Physical sciences/Chemistry/Chemical compounds/Organic compounds/Polyphenols, /Life sciences/Computational biology/Biological models/Animal models/Mouse models, /Life sciences/Biochemistry/Protein functions/Protein interactions, /Life sciences/Neuroscience/Neurochemistry/Neurotransmitters/Dopamine, /Life sciences/Physiology/Nutritional physiology/Nutrition, /Life sciences/Biochemistry/Biomolecules/Nutrients, /Life sciences/Plant sciences/Plants/Algae",,1,0,0,,Nutrients,,10.1038/s41408-024-01064-0,Cells,Experimental study,Ecklonia cava Polyphenols Have a Preventive Effect on Parkinson’s Disease through the Activation of the Nrf2-ARE Pathway,,10.1038/s41408-024-01064-0,10.1038/s41408-024-01064-0,2024-08-05
1061138,10.1021/acssensors.4c01514,"Hefei Institutes of Physical Science, Chinese Academy of Sciences",Neural Network Based Aliasing Spectral Decoupling Algorithm for Precise Mid-Infrared Multicomponent,2024-08-16,2024-10-12,"Hefei Institutes of Physical Science, Chinese Academy of Sciences",fuzzy_title,D,93.39622641509435,2024,2024,1061138,Researchers develop neural network algorithm to enhance gas detection technology,,"Recently, a research team led by Prof. GAO Xiaoming from the Hefei Institutes of Physical Science of the Chinese Academy of Sciences, developed an intelligent neural network algorithm that effectively tackled the long-standing issue of cross-interference in gas absorption spectra.","<p>Recently, a research team led by Prof. GAO Xiaoming from the Hefei Institutes of Physical Science of the Chinese Academy of Sciences, developed an intelligent neural network algorithm that effectively tackled the long-standing issue of cross-interference in gas absorption spectra.</p>

<p>&ldquo;This neural network algorithm made it way easier and more reliable to detect multiple gases at the same time,&rdquo; said Prof. GAO.&nbsp;</p>

<p>The research results were published in&nbsp;<em>ACS Sensors</em>.</p>

<p>Tunable Diode Laser Absorption Spectroscopy (TDLAS) technology holds significant potential for greenhouse gas detection, owing to its advantages of non-contact, real-time measurements. However, the technical bottleneck of cross-interference in gas absorption spectra has significantly constrained the development and application of this technique for the simultaneous measurement of multi-component gases. A neural network-based decoupling algorithm for aliased spectra offers a low-cost, low-complexity solution to this challenge.</p>

<p>In this study, the researchers first determined the optimal modulation depth under controlled laboratory conditions and generated a large dataset of aliased spectra to train the neural network. This extensive training improved the model&rsquo;s ability to generalize across different conditions. They also collected experimental data to fine-tune the model and validate its effectiveness.</p>

<p>The beauty of this new method lies in its simplicity: it requires no additional hardware. By using a neural network-based decoupling algorithm, the team was able to resolve spectral interference within the existing system, reducing both the complexity and cost of the design. The algorithm not only decouples multi-component gas signals with high accuracy and stability but also adapts well to complex environments, thanks to transfer learning. It even allows for the simultaneous detection of multiple gases using a single laser, making the process more efficient.</p>

<p>This study highlights the strong potential of neural networks for separating aliased spectra, providing valuable insights for implementing TDLAS gas detection systems in challenging environments.</p>
",News Release,Peer-Reviewed Publication,2024-10-12 08:29:52,"Hefei Institutes of Physical Science, Chinese Academy of Sciences ",Non-Profit,China,/Physical sciences,,,1,0,0,,ACS Sensors,,,,,Neural Network Based Aliasing Spectral Decoupling Algorithm for Precise Mid-Infrared Multicomponent Gases Sensing,,,,2024-10-12
1061499,10.1021/acsami.4c09215,"Hefei Institutes of Physical Science, Chinese Academy of Sciences",NIR-II Responsive Fe-Doped Carbon Nanoparticles for Photothermal-Enhanced Chemodynamic Synergistic O,2024-08-22,2024-10-16,"Hefei Institutes of Physical Science, Chinese Academy of Sciences",fuzzy_title,D,95.23809523809523,2024,2024,1061499,New iron-doped carbon based nanoparticles boost cancer treatment with enhanced precision and safety,,"Recently, a collaborative research team led by Prof. WANG Hui and Prof. QIAN Junchao from the Hefei Institutes of Physical Science of the Chinese Academy of Sciences utilized the Stable High Magnetic Field Facility and successfully designed a catalytically active, photoresponsive Fe-doped carbon nanoparticles (FDCN) for the purpose of the second near infrared (NIR-II) photothermal-enhanced chemodynamic therapy.&nbsp;","<p>Recently, a collaborative research team led by Prof. WANG Hui and Prof. QIAN Junchao from the Hefei Institutes of Physical Science of the Chinese Academy of Sciences utilized the Stable High Magnetic Field Facility and successfully designed a catalytically active, photoresponsive Fe-doped carbon nanoparticles (FDCN) for the purpose of the second near infrared (NIR-II) photothermal-enhanced chemodynamic therapy.&nbsp;</p>

<p>The research has been published in&nbsp;<em>ACS Applied Materials &amp; Interfaces</em>.</p>

<p>Carbon-based nanocatalysts-mediated chemodynamic therapy (CDT) has attracted significant attention in the field of tumor catalytic therapy. However, the suboptimal efficiency in catalyzing the generation of hydroxyl radicals (&middot;OH) from hydrogen peroxide&nbsp;has posed limitations to its efficacy.</p>

<p>To solve this problem, the&nbsp;team introduced tiny amounts of iron to the carbon nanoparticles via a solvothermal method. This improved the treatment&rsquo;s ability to produce the needed &middot;OH radicals without harming healthy cells. Additionally, they combined CDT with another treatment called photothermal therapy, which used light to generate heat. This heat speeds up the production of &middot;OH radicals, making the treatment even more effective.</p>

<p>The newly designed FDCN nanoparticles were thoroughly tested using advanced techniques, and the results were promising. These nanoparticles not only safely and effectively target cancer cells but also work well with NIR-II light, which helps in better treatment.</p>

<p>This innovation offers a new and improved approach to cancer treatment and opens up possibilities for using carbon-based nanomaterials in medicine, according to the team.</p>
",News Release,Peer-Reviewed Publication,2024-10-16 08:45:25,"Hefei Institutes of Physical Science, Chinese Academy of Sciences ",Non-Profit,China,/Life sciences,,,1,0,0,,ACS Applied Materials & Interfaces,,,,,NIR-II Responsive Fe-Doped Carbon Nanoparticles for Photothermal-Enhanced Chemodynamic Synergistic Oncotherapy,,,,2024-10-16
1061500,10.1002/adom.202400943,"Hefei Institutes of Physical Science, Chinese Academy of Sciences",Extraordinary Magnetic Second Harmonic Generation in Monolayer CrPS<sub>4</sub>,2024-08-09,2024-10-16,"Hefei Institutes of Physical Science, Chinese Academy of Sciences",fuzzy_title,D,92.51700680272108,2024,2024,1061500,Strong magnetic second harmonic generation effect discovered in two-dimensional CrPS4 monolayer,,"Recently, with the help of the Steady High Magnetic Field Facility,&nbsp; a research team led by Professor SHENG Zhigao at the Hefei Institutes of Physical Science of the Chinese Academy of Sciences, for the first time observed the strong nonlinear magnetic second harmonic generation (MSHG) induced by the ferromagnetic order in monolayer CrPS<sub>4</sub>.&nbsp;","<p>Recently, with the help of the Steady High Magnetic Field Facility,&nbsp; a research team led by Professor SHENG Zhigao at the Hefei Institutes of Physical Science of the Chinese Academy of Sciences, for the first time observed the strong nonlinear magnetic second harmonic generation (MSHG) induced by the ferromagnetic order in monolayer CrPS<sub>4</sub>.&nbsp;</p>

<p>The results have been published in&nbsp;<em>Advanced Optical Materials</em>.</p>

<p>Second Harmonic Generation (SHG) is a nonlinear optical effect sensitive to symmetry breaking in materials. While SHG was first seen in crystals with broken symmetry (i type), it also occurs in magnetic systems (c type), though much weaker. This limits its use in optical devices. Magnetic two-dimensional van der Waals materials, gaining attention for their unique properties, still have unexplored nonlinear optical properties, particularly the link between SHG and magnetic order, which limits their potential in optoelectronics.</p>

<p>In this study, the team delved deeply into the magnetic order-related SHG effects in the two-dimensional antiferromagnetic material CrPS<sub>4</sub>. They found that in bulk and even-layered CrPS<sub>4</sub>, the antiferromagnetic order did not produce any c type SHG effects, whereas a substantial c type SHG effect induced by monolayer ferromagnetic order was observed in odd-layered CrPS<sub>4</sub>. This is the first observation of ferromagnetic order induced c type SHG effects in a 2D magnet under the electric-dipole approximation, stemming from the dual breaking of spatial and time inversion symmetries.&nbsp;</p>

<p>More importantly, the research team found that the ferromagnetic order induced c type SHG has a signal strength comparable to that of i type SHG, which arises from the breaking of crystal structural symmetry. This is extremely rare among all known magnetic materials, suggesting a new mechanism for the generation of MSHG.&nbsp;</p>

<p>&ldquo;Our discovery revealed a new mechanism for SHG in two-dimensional magnetic materials,&rdquo; said HOU De, first author of the paper, &ldquo;and greatly enriched the category of SHG generated by magnetic order.&rdquo;&nbsp;</p>
",News Release,Peer-Reviewed Publication,2024-10-16 08:55:35,"Hefei Institutes of Physical Science, Chinese Academy of Sciences ",Non-Profit,China,/Physical sciences,,,1,0,0,,Advanced Optical Materials,,,,,Extraordinary Magnetic Second Harmonic Generation in Monolayer CrPS4,,,,2024-10-16
1067213,10.1038/s41467-024-54322-x,University of Tokyo,Orthogonalization of spontaneous and stimulus-driven activity by hierarchical neocortical areal netw,2024-12-04,2024-12-05,University of Tokyo,fuzzy_title,D,93.02325581395348,2024,2024,1067213,Separating signal from noise in the brain,Understanding how primate neural mechanism distinguishes between spontaneous and stimulus-related activity,"New research led by a team at the University of Tokyo sheds light on the relationship between internally generated noise and stimulus-related patterns in the brain, and finds that the patterns of spontaneous activity and stimulus-evoked response are similar in lower visual areas of the cerebral cortex, but gradually become independent, or &ldquo;orthogonal,&rdquo; as one moves from lower to higher visual areas. The findings not only enhance our understanding of the mechanism that enables the brain to distinguish between signal and noise, but could also provide clues for developing noise-resistant artificial intelligence incorporating a mechanism similar to that found in the biological brain.","<p>When the brain is observed through imaging, there is a lot of &ldquo;noise,&rdquo; which is spontaneous electrical activity that comes from a resting brain. This appears to be different from brain activity that comes from sensory inputs, but just how similar &mdash; or different &mdash; the noise is from the signal has been a matter of debate.</p>

<p>New research led by a team at the University of Tokyo further untangles the relationship between internally generated noise and stimulus-related patterns in the brain, and finds that the patterns of spontaneous activity and stimulus-evoked response are similar in lower visual areas of the cerebral cortex, but gradually become independent, or &ldquo;orthogonal,&rdquo; as one moves from lower to higher visual areas. The findings not only enhance our understanding of the mechanism that enables the brain to distinguish between signal and noise, but could also provide clues for developing noise-resistant artificial intelligence incorporating a mechanism similar to that found in the biological brain.</p>

<p>&ldquo;The brain is very noisy,&rdquo; said Professor Kenichi Ohki of the Graduate School of Medicine. &ldquo;It is constantly active even without any sensory inputs. Despite the noise, our sensory perception is very stable. We were interested in the mechanism by which the brain handles internally generated noise to achieve stable perception.&rdquo;</p>

<p>An orthogonal, or independent, relationship between this internal brain noise and stimulus-related signals would explain how sensory perception remains stable.</p>

<p>In order to test which theory explains the relationship between brain noise and stimulus-related activity, researchers observed marmoset monkeys, which have a flat neocortex (the largest region in primate brains) that makes it easier to observe cortical areas involved in the brain&rsquo;s higher functions. They injected a virus carrying a genetically encoded calcium indicator called GCaMP, which includes a green fluorescent protein that is bound to calcium ions that highlights brain activity on imaging scans.</p>

<p>At first, the spontaneous brain activity looked like waves with patchy spatial patterns. This patchy activity seems to be a general characteristic of primate brains. The spontaneous noise and the stimulus-related activity looked similar in lower cortical areas, which is consistent with previous research. However, as researchers looked closer at a higher cortical area, a part of the primate brain that helps monkeys process a moving image, there were less similarities between the two types of brain activity.</p>

<p>Cellular imaging and analysis of the neural activity found a hierarchy in place that helped separate brain noise and stimulus-related signal.</p>

<p>&ldquo;The hierarchical structure of the cortical network is crucial for separating internal noise from sensory outputs. This separation process is called orthogonalization,&rdquo; said now-Professor Teppei Matsui of the Graduate School of Brain Science at Doshisha University in Kyoto, who was lecturer at the University of Tokyo&rsquo;s Graduate School of Medicine at the time of this research.</p>

<p>Looking ahead, researchers hope to continue to study the brain to understand this orthogonal relationship and hope to understand what this means for artificial intelligence. Unlike artificial neural networks, spontaneous activity is a characteristic feature of the biological brain. &ldquo;The next step is to identify neocortical neural circuits critical for the hierarchical orthogonalization,&rdquo; said Ohki. &ldquo;We are also hoping that the present finding contributes to developing new noise-resistant artificial intelligence.&rdquo;</p>

<p style=""text-align:center"">###</p>

<p>&nbsp;</p>

<p>Journal article:</p>

<p>Teppei Matsui, Takayuki Hashimoto, Tomonari Murakami, Masato Uemura, Kohei Kikuta, Toshiki Kato, Kenichi Ohki, &ldquo;Orthogonalization of spontaneous and stimulus-driven activity by hierarchical neocortical areal network in primates,&rdquo; <em>Nature Communications</em>: December 4, 2024, DOI: 10.1038/s41467-024-54322-x</p>

<p>Link: https://doi.org/10.1038/s41467-024-54322-x</p>

<p>&nbsp;</p>

<p>Funding:</p>

<p>Brain/MINDS, Brain/MINDS2.0 and Brain/MINDS-beyond from AMED, Institute for AI and Beyond, CREST-JST, JSPS KAKENHI, JSPS Research Fellowship for Young Scientist, JST PRESTO, JST FOREST</p>

<p>&nbsp;</p>

<p>Related links:</p>

<p><a href=""https://physiol1.m.u-tokyo.ac.jp/ern24596/en/"">Ohki Lab</a></p>

<p><a href=""https://www.m.u-tokyo.ac.jp/english/"">Graduate School of Medicine</a></p>

<p><a href=""https://ircn.jp/en/"">International Research Center for Neurointelligence (WPI-IRCN)</a></p>

<p><a href=""https://beyondai.jp/?lang=en"">Institute for AI and Beyond</a></p>

<p>&nbsp;</p>

<p>About the University of Tokyo</p>

<p>The University of Tokyo is Japan&#39;s leading university and one of the world&#39;s top research universities. The vast research output of some 6,000 researchers is published in the world&#39;s top journals across the arts and sciences. Our vibrant student body of around 15,000 undergraduate and 15,000 graduate students includes over 4,000 international students. Find out more at https://www.u-tokyo.ac.jp/en/ or follow us on X (formerly Twitter) at @UTokyo_News_en</p>
",News Release,Peer-Reviewed Publication,2024-12-05 13:30:24,University of Tokyo,Non-Profit,Japan,/Life sciences/Organismal biology/Anatomy/Nervous system/Central nervous system/Brain,"/Life sciences/Neuroscience/Neurophysiology/Neural mechanisms, /Research methods/Imaging/Neuroimaging, /Life sciences/Neuroscience, /Life sciences/Organismal biology/Animals/Vertebrates/Mammals/Primates, /Life sciences/Neuroscience/Neurophysiology/Systems neuroscience/Neural networks, /Life sciences/Organismal biology/Anatomy/Nervous system/Visual cortex, /Life sciences, /Life sciences/Organismal biology/Anatomy/Nervous system",,1,0,0,,Nature Communications,,,Animals,Imaging analysis,Orthogonalization of spontaneous and stimulus-driven activity by hierarchical neocortical areal network in primates,,,,2024-12-05
